# CoO25C.raw Bank 1
16.0           1163.0         34.102786      
16.017         1092.0         33.045423      
16.034         1079.0         32.848135      
16.051         1107.0         33.27161       
16.068         1103.0         33.211444      
16.085         1095.0         33.090784      
16.102         1046.0         32.341923      
16.119         1102.0         33.196385      
16.136         1070.0         32.710854      
16.153         1079.0         32.848135      
16.17          1085.0         32.939338      
16.187         1076.0         32.802439      
16.204         1114.0         33.376639      
16.221         1129.0         33.600595      
16.238         1105.0         33.24154       
16.255         1098.0         33.136083      
16.272         1070.0         32.710854      
16.289         1085.0         32.939338      
16.306         1082.0         32.893768      
16.323         1078.0         32.83291       
16.34          1097.0         33.12099       
16.357         1115.0         33.391616      
16.374         1071.0         32.726136      
16.391         1033.0         32.140317      
16.408         1092.0         33.045423      
16.425         1116.0         33.406586      
16.442         1086.0         32.954514      
16.459         1082.0         32.893768      
16.476         1083.0         32.908965      
16.493         1098.0         33.136083      
16.51          1093.0         33.060551      
16.527         1070.0         32.710854      
16.544         1087.0         32.969683      
16.561         1114.0         33.376639      
16.578         1089.0         33.0           
16.595         1060.0         32.557641      
16.612         1074.0         32.771939      
16.629         1102.0         33.196385      
16.646         1095.0         33.090784      
16.663         1102.0         33.196385      
16.68          1116.0         33.406586      
16.697         1087.0         32.969683      
16.714         1116.0         33.406586      
16.731         1111.0         33.331667      
16.748         1074.0         32.771939      
16.765         1064.0         32.619013      
16.782         1082.0         32.893768      
16.799         1144.0         33.823069      
16.816         1097.0         33.12099       
16.833         1056.0         32.496154      
16.85          1051.0         32.41913       
16.867         1119.0         33.451457      
16.884         1119.0         33.451457      
16.901         1123.0         33.511192      
16.918         1102.0         33.196385      
16.935         1122.0         33.496268      
16.952         1123.0         33.511192      
16.969         1123.0         33.511192      
16.986         1113.0         33.361655      
17.003         1105.0         33.24154       
17.02          1114.0         33.376639      
17.037         1121.0         33.481338      
17.054         1095.0         33.090784      
17.071         1135.0         33.689761      
17.088         1125.0         33.54102       
17.105         1103.0         33.211444      
17.122         1047.0         32.357379      
17.139         1066.0         32.649655      
17.156         1070.0         32.710854      
17.173         1058.0         32.526912      
17.19          1067.0         32.664966      
17.207         1098.0         33.136083      
17.224         1111.0         33.331667      
17.241         1120.0         33.466401      
17.258         1097.0         33.12099       
17.275         1052.0         32.434549      
17.292         1069.0         32.695565      
17.309         1106.0         33.256578      
17.326         1170.0         34.205263      
17.343         1115.0         33.391616      
17.36          1099.0         33.151169      
17.377         1139.0         33.749074      
17.394         1092.0         33.045423      
17.411         1088.0         32.984845      
17.428         1090.0         33.015148      
17.445         1079.0         32.848135      
17.462         1052.0         32.434549      
17.479         1052.0         32.434549      
17.496         1131.0         33.630343      
17.513         1154.0         33.970576      
17.53          1117.0         33.42155       
17.547         1098.0         33.136083      
17.564         1081.0         32.878564      
17.581         1043.0         32.295511      
17.598         1067.0         32.664966      
17.615         1087.0         32.969683      
17.632         1061.0         32.572995      
17.649         1074.0         32.771939      
17.666         1093.0         33.060551      
17.683         1097.0         33.12099       
17.7           1148.0         33.882149      
17.717         1099.0         33.151169      
17.734         1080.0         32.863353      
17.751         1129.0         33.600595      
17.768         1106.0         33.256578      
17.785         1076.0         32.802439      
17.802         1112.0         33.346664      
17.819         1105.0         33.24154       
17.836         1103.0         33.211444      
17.853         1062.0         32.588341      
17.87          1081.0         32.878564      
17.887         1109.0         33.301652      
17.904         1151.0         33.926391      
17.921         1060.0         32.557641      
17.938         1058.0         32.526912      
17.955         1114.0         33.376639      
17.972         1035.0         32.171416      
17.989         1041.0         32.264532      
18.006         1127.0         33.570821      
18.023         1137.0         33.719431      
18.04          1058.0         32.526912      
18.057         1130.0         33.615473      
18.074         1092.0         33.045423      
18.091         1105.0         33.24154       
18.108         1101.0         33.18132       
18.125         1080.0         32.863353      
18.142         1050.0         32.403703      
18.159         1062.0         32.588341      
18.176         1089.0         33.0           
18.193         1077.0         32.817678      
18.21          1091.0         33.030289      
18.227         1113.0         33.361655      
18.244         1142.0         33.79349       
18.261         1107.0         33.27161       
18.278         1113.0         33.361655      
18.295         1093.0         33.060551      
18.312         1117.0         33.42155       
18.329         1096.0         33.105891      
18.346         1090.0         33.015148      
18.363         1126.0         33.555923      
18.38          1077.0         32.817678      
18.397         1069.0         32.695565      
18.414         1133.0         33.660065      
18.431         1141.0         33.778692      
18.448         1077.0         32.817678      
18.465         1070.0         32.710854      
18.482         1113.0         33.361655      
18.499         1101.0         33.18132       
18.516         1065.0         32.634338      
18.533         1061.0         32.572995      
18.55          1080.0         32.863353      
18.567         1116.0         33.406586      
18.584         1111.0         33.331667      
18.601         1076.0         32.802439      
18.618         1076.0         32.802439      
18.635         1098.0         33.136083      
18.652         1093.0         33.060551      
18.669         1112.0         33.346664      
18.686         1137.0         33.719431      
18.703         1125.0         33.54102       
18.72          1063.0         32.603681      
18.737         1077.0         32.817678      
18.754         1087.0         32.969683      
18.771         1116.0         33.406586      
18.788         1097.0         33.12099       
18.805         1135.0         33.689761      
18.822         1110.0         33.316662      
18.839         1119.0         33.451457      
18.856         1123.0         33.511192      
18.873         1118.0         33.436507      
18.89          1138.0         33.734256      
18.907         1086.0         32.954514      
18.924         1071.0         32.726136      
18.941         1158.0         34.029399      
18.958         1168.0         34.176015      
18.975         1136.0         33.704599      
18.992         1124.0         33.526109      
19.009         1169.0         34.190642      
19.026         1078.0         32.83291       
19.043         1102.0         33.196385      
19.06          1161.0         34.07345       
19.077         1121.0         33.481338      
19.094         1136.0         33.704599      
19.111         1136.0         33.704599      
19.128         1020.0         31.937439      
19.145         1059.0         32.54228       
19.162         1113.0         33.361655      
19.179         1175.0         34.278273      
19.196         1122.0         33.496268      
19.213         1102.0         33.196385      
19.23          1106.0         33.256578      
19.247         1123.0         33.511192      
19.264         1069.0         32.695565      
19.281         1119.0         33.451457      
19.298         1109.0         33.301652      
19.315         1078.0         32.83291       
19.332         1120.0         33.466401      
19.349         1119.0         33.451457      
19.366         1106.0         33.256578      
19.383         1131.0         33.630343      
19.4           1110.0         33.316662      
19.417         1108.0         33.286634      
19.434         1149.0         33.896903      
19.451         1134.0         33.674916      
19.468         1090.0         33.015148      
19.485         1107.0         33.27161       
19.502         1160.0         34.058773      
19.519         1143.0         33.808283      
19.536         1153.0         33.955854      
19.553         1125.0         33.54102       
19.57          1090.0         33.015148      
19.587         1058.0         32.526912      
19.604         1109.0         33.301652      
19.621         1075.0         32.787193      
19.638         1082.0         32.893768      
19.655         1093.0         33.060551      
19.672         1140.0         33.763886      
19.689         1115.0         33.391616      
19.706         1117.0         33.42155       
19.723         1135.0         33.689761      
19.74          1133.0         33.660065      
19.757         1105.0         33.24154       
19.774         1114.0         33.376639      
19.791         1159.0         34.044089      
19.808         1197.0         34.597688      
19.825         1172.0         34.234486      
19.842         1211.0         34.799425      
19.859         1244.0         35.270384      
19.876         1267.0         35.594943      
19.893         1299.0         36.041643      
19.91          1405.0         37.48333       
19.927         1482.0         38.496753      
19.944         1577.0         39.711459      
19.961         1784.0         42.237424      
19.978         1747.0         41.797129      
19.995         1588.0         39.849718      
20.012         1565.0         39.560081      
20.029         1490.0         38.600518      
20.046         1410.0         37.549967      
20.063         1289.0         35.902646      
20.08          1238.0         35.185224      
20.097         1171.0         34.219877      
20.114         1143.0         33.808283      
20.131         1144.0         33.823069      
20.148         1161.0         34.07345       
20.165         1146.0         33.852622      
20.182         1150.0         33.91165       
20.199         1158.0         34.029399      
20.216         1189.0         34.481879      
20.233         1138.0         33.734256      
20.25          1119.0         33.451457      
20.267         1123.0         33.511192      
20.284         1106.0         33.256578      
20.301         1111.0         33.331667      
20.318         1123.0         33.511192      
20.335         1127.0         33.570821      
20.352         1115.0         33.391616      
20.369         1166.0         34.146742      
20.386         1159.0         34.044089      
20.403         1148.0         33.882149      
20.42          1174.0         34.263683      
20.437         1197.0         34.597688      
20.454         1201.0         34.655447      
20.471         1169.0         34.190642      
20.488         1133.0         33.660065      
20.505         1168.0         34.176015      
20.522         1160.0         34.058773      
20.539         1120.0         33.466401      
20.556         1096.0         33.105891      
20.573         1135.0         33.689761      
20.59          1154.0         33.970576      
20.607         1169.0         34.190642      
20.624         1120.0         33.466401      
20.641         1120.0         33.466401      
20.658         1123.0         33.511192      
20.675         1109.0         33.301652      
20.692         1184.0         34.409301      
20.709         1127.0         33.570821      
20.726         1103.0         33.211444      
20.743         1182.0         34.380227      
20.76          1143.0         33.808283      
20.777         1133.0         33.660065      
20.794         1160.0         34.058773      
20.811         1187.0         34.452866      
20.828         1127.0         33.570821      
20.845         1142.0         33.79349       
20.862         1136.0         33.704599      
20.879         1086.0         32.954514      
20.896         1119.0         33.451457      
20.913         1130.0         33.615473      
20.93          1168.0         34.176015      
20.947         1065.0         32.634338      
20.964         1195.0         34.568772      
20.981         1154.0         33.970576      
20.998         1092.0         33.045423      
21.015         1153.0         33.955854      
21.032         1142.0         33.79349       
21.049         1168.0         34.176015      
21.066         1070.0         32.710854      
21.083         1141.0         33.778692      
21.1           1193.0         34.539832      
21.117         1194.0         34.554305      
21.134         1141.0         33.778692      
21.151         1131.0         33.630343      
21.168         1138.0         33.734256      
21.185         1173.0         34.249088      
21.202         1142.0         33.79349       
21.219         1139.0         33.749074      
21.236         1174.0         34.263683      
21.253         1149.0         33.896903      
21.27          1134.0         33.674916      
21.287         1173.0         34.249088      
21.304         1191.0         34.510868      
21.321         1136.0         33.704599      
21.338         1100.0         33.166248      
21.355         1108.0         33.286634      
21.372         1125.0         33.54102       
21.389         1130.0         33.615473      
21.406         1180.0         34.351128      
21.423         1182.0         34.380227      
21.44          1119.0         33.451457      
21.457         1144.0         33.823069      
21.474         1163.0         34.102786      
21.491         1168.0         34.176015      
21.508         1152.0         33.941125      
21.525         1129.0         33.600595      
21.542         1129.0         33.600595      
21.559         1139.0         33.749074      
21.576         1148.0         33.882149      
21.593         1177.0         34.307434      
21.61          1145.0         33.837849      
21.627         1150.0         33.91165       
21.644         1211.0         34.799425      
21.661         1156.0         34.0           
21.678         1159.0         34.044089      
21.695         1178.0         34.322005      
21.712         1151.0         33.926391      
21.729         1219.0         34.914181      
21.746         1165.0         34.132096      
21.763         1239.0         35.199432      
21.78          1211.0         34.799425      
21.797         1179.0         34.336569      
21.814         1190.0         34.496377      
21.831         1192.0         34.525353      
21.848         1268.0         35.608988      
21.865         1187.0         34.452866      
21.882         1178.0         34.322005      
21.899         1287.0         35.874782      
21.916         1276.0         35.721142      
21.933         1349.0         36.728735      
21.95          1336.0         36.551334      
21.967         1429.0         37.802116      
21.984         1499.0         38.716921      
22.001         1683.0         41.024383      
22.018         1849.0         43.0           
22.035         2120.0         46.043458      
22.052         2353.0         48.507731      
22.069         2488.0         49.879856      
22.086         2633.0         51.312766      
22.103         2553.0         50.52722       
22.12          2380.0         48.785244      
22.137         2112.0         45.956501      
22.154         1902.0         43.611925      
22.171         1737.0         41.677332      
22.188         1561.0         39.509493      
22.205         1392.0         37.309516      
22.222         1336.0         36.551334      
22.239         1296.0         36.0           
22.256         1243.0         35.256205      
22.273         1227.0         35.02856       
22.29          1236.0         35.156792      
22.307         1219.0         34.914181      
22.324         1223.0         34.971417      
22.341         1219.0         34.914181      
22.358         1185.0         34.423829      
22.375         1181.0         34.365681      
22.392         1194.0         34.554305      
22.409         1214.0         34.842503      
22.426         1226.0         35.014283      
22.443         1195.0         34.568772      
22.46          1166.0         34.146742      
22.477         1191.0         34.510868      
22.494         1150.0         33.91165       
22.511         1111.0         33.331667      
22.528         1117.0         33.42155       
22.545         1158.0         34.029399      
22.562         1201.0         34.655447      
22.579         1199.0         34.626579      
22.596         1250.0         35.355339      
22.613         1211.0         34.799425      
22.63          1195.0         34.568772      
22.647         1200.0         34.641016      
22.664         1227.0         35.02856       
22.681         1191.0         34.510868      
22.698         1159.0         34.044089      
22.715         1143.0         33.808283      
22.732         1095.0         33.090784      
22.749         1175.0         34.278273      
22.766         1138.0         33.734256      
22.783         1160.0         34.058773      
22.8           1152.0         33.941125      
22.817         1218.0         34.899857      
22.834         1147.0         33.867388      
22.851         1152.0         33.941125      
22.868         1109.0         33.301652      
22.885         1160.0         34.058773      
22.902         1175.0         34.278273      
22.919         1147.0         33.867388      
22.936         1185.0         34.423829      
22.953         1173.0         34.249088      
22.97          1207.0         34.741906      
22.987         1187.0         34.452866      
23.004         1123.0         33.511192      
23.021         1158.0         34.029399      
23.038         1194.0         34.554305      
23.055         1173.0         34.249088      
23.072         1195.0         34.568772      
23.089         1182.0         34.380227      
23.106         1144.0         33.823069      
23.123         1194.0         34.554305      
23.14          1136.0         33.704599      
23.157         1106.0         33.256578      
23.174         1216.0         34.871192      
23.191         1181.0         34.365681      
23.208         1160.0         34.058773      
23.225         1177.0         34.307434      
23.242         1205.0         34.71311       
23.259         1186.0         34.438351      
23.276         1238.0         35.185224      
23.293         1195.0         34.568772      
23.31          1174.0         34.263683      
23.327         1188.0         34.467376      
23.344         1210.0         34.785054      
23.361         1191.0         34.510868      
23.378         1175.0         34.278273      
23.395         1163.0         34.102786      
23.412         1153.0         33.955854      
23.429         1225.0         35.0           
23.446         1175.0         34.278273      
23.463         1155.0         33.985291      
23.48          1159.0         34.044089      
23.497         1165.0         34.132096      
23.514         1154.0         33.970576      
23.531         1142.0         33.79349       
23.548         1140.0         33.763886      
23.565         1156.0         34.0           
23.582         1163.0         34.102786      
23.599         1121.0         33.481338      
23.616         1148.0         33.882149      
23.633         1146.0         33.852622      
23.65          1122.0         33.496268      
23.667         1159.0         34.044089      
23.684         1162.0         34.088121      
23.701         1163.0         34.102786      
23.718         1160.0         34.058773      
23.735         1156.0         34.0           
23.752         1171.0         34.219877      
23.769         1134.0         33.674916      
23.786         1203.0         34.68429       
23.803         1140.0         33.763886      
23.82          1116.0         33.406586      
23.837         1124.0         33.526109      
23.854         1174.0         34.263683      
23.871         1152.0         33.941125      
23.888         1169.0         34.190642      
23.905         1191.0         34.510868      
23.922         1123.0         33.511192      
23.939         1152.0         33.941125      
23.956         1166.0         34.146742      
23.973         1163.0         34.102786      
23.99          1192.0         34.525353      
24.007         1227.0         35.02856       
24.024         1168.0         34.176015      
24.041         1144.0         33.823069      
24.058         1163.0         34.102786      
24.075         1182.0         34.380227      
24.092         1136.0         33.704599      
24.109         1203.0         34.68429       
24.126         1160.0         34.058773      
24.143         1125.0         33.54102       
24.16          1189.0         34.481879      
24.177         1185.0         34.423829      
24.194         1135.0         33.689761      
24.211         1134.0         33.674916      
24.228         1124.0         33.526109      
24.245         1165.0         34.132096      
24.262         1179.0         34.336569      
24.279         1214.0         34.842503      
24.296         1227.0         35.02856       
24.313         1197.0         34.597688      
24.33          1149.0         33.896903      
24.347         1122.0         33.496268      
24.364         1151.0         33.926391      
24.381         1147.0         33.867388      
24.398         1139.0         33.749074      
24.415         1135.0         33.689761      
24.432         1159.0         34.044089      
24.449         1157.0         34.014703      
24.466         1154.0         33.970576      
24.483         1185.0         34.423829      
24.5           1190.0         34.496377      
24.517         1173.0         34.249088      
24.534         1181.0         34.365681      
24.551         1214.0         34.842503      
24.568         1163.0         34.102786      
24.585         1156.0         34.0           
24.602         1162.0         34.088121      
24.619         1148.0         33.882149      
24.636         1140.0         33.763886      
24.653         1172.0         34.234486      
24.67          1171.0         34.219877      
24.687         1160.0         34.058773      
24.704         1173.0         34.249088      
24.721         1201.0         34.655447      
24.738         1171.0         34.219877      
24.755         1186.0         34.438351      
24.772         1184.0         34.409301      
24.789         1111.0         33.331667      
24.806         1162.0         34.088121      
24.823         1235.0         35.142567      
24.84          1159.0         34.044089      
24.857         1181.0         34.365681      
24.874         1141.0         33.778692      
24.891         1142.0         33.79349       
24.908         1143.0         33.808283      
24.925         1173.0         34.249088      
24.942         1140.0         33.763886      
24.959         1152.0         33.941125      
24.976         1162.0         34.088121      
24.993         1140.0         33.763886      
25.01          1194.0         34.554305      
25.027         1168.0         34.176015      
25.044         1143.0         33.808283      
25.061         1171.0         34.219877      
25.078         1179.0         34.336569      
25.095         1133.0         33.660065      
25.112         1151.0         33.926391      
25.129         1204.0         34.698703      
25.146         1173.0         34.249088      
25.163         1169.0         34.190642      
25.18          1159.0         34.044089      
25.197         1158.0         34.029399      
25.214         1197.0         34.597688      
25.231         1200.0         34.641016      
25.248         1180.0         34.351128      
25.265         1179.0         34.336569      
25.282         1157.0         34.014703      
25.299         1146.0         33.852622      
25.316         1166.0         34.146742      
25.333         1189.0         34.481879      
25.35          1231.0         35.08561       
25.367         1201.0         34.655447      
25.384         1143.0         33.808283      
25.401         1134.0         33.674916      
25.418         1147.0         33.867388      
25.435         1129.0         33.600595      
25.452         1107.0         33.27161       
25.469         1133.0         33.660065      
25.486         1172.0         34.234486      
25.503         1178.0         34.322005      
25.52          1177.0         34.307434      
25.537         1179.0         34.336569      
25.554         1120.0         33.466401      
25.571         1156.0         34.0           
25.588         1144.0         33.823069      
25.605         1190.0         34.496377      
25.622         1196.0         34.583233      
25.639         1187.0         34.452866      
25.656         1096.0         33.105891      
25.673         1157.0         34.014703      
25.69          1131.0         33.630343      
25.707         1124.0         33.526109      
25.724         1165.0         34.132096      
25.741         1222.0         34.957117      
25.758         1158.0         34.029399      
25.775         1206.0         34.727511      
25.792         1198.0         34.612137      
25.809         1123.0         33.511192      
25.826         1177.0         34.307434      
25.843         1161.0         34.07345       
25.86          1165.0         34.132096      
25.877         1185.0         34.423829      
25.894         1125.0         33.54102       
25.911         1152.0         33.941125      
25.928         1150.0         33.91165       
25.945         1190.0         34.496377      
25.962         1151.0         33.926391      
25.979         1212.0         34.81379       
25.996         1209.0         34.770677      
26.013         1143.0         33.808283      
26.03          1095.0         33.090784      
26.047         1122.0         33.496268      
26.064         1158.0         34.029399      
26.081         1152.0         33.941125      
26.098         1110.0         33.316662      
26.115         1159.0         34.044089      
26.132         1136.0         33.704599      
26.149         1147.0         33.867388      
26.166         1133.0         33.660065      
26.183         1140.0         33.763886      
26.2           1158.0         34.029399      
26.217         1163.0         34.102786      
26.234         1172.0         34.234486      
26.251         1165.0         34.132096      
26.268         1130.0         33.615473      
26.285         1147.0         33.867388      
26.302         1165.0         34.132096      
26.319         1176.0         34.292856      
26.336         1164.0         34.117444      
26.353         1162.0         34.088121      
26.37          1160.0         34.058773      
26.387         1155.0         33.985291      
26.404         1173.0         34.249088      
26.421         1183.0         34.394767      
26.438         1141.0         33.778692      
26.455         1124.0         33.526109      
26.472         1148.0         33.882149      
26.489         1179.0         34.336569      
26.506         1144.0         33.823069      
26.523         1151.0         33.926391      
26.54          1146.0         33.852622      
26.557         1166.0         34.146742      
26.574         1173.0         34.249088      
26.591         1116.0         33.406586      
26.608         1098.0         33.136083      
26.625         1118.0         33.436507      
26.642         1134.0         33.674916      
26.659         1154.0         33.970576      
26.676         1155.0         33.985291      
26.693         1213.0         34.82815       
26.71          1190.0         34.496377      
26.727         1164.0         34.117444      
26.744         1178.0         34.322005      
26.761         1140.0         33.763886      
26.778         1119.0         33.451457      
26.795         1132.0         33.645208      
26.812         1102.0         33.196385      
26.829         1154.0         33.970576      
26.846         1106.0         33.256578      
26.863         1224.0         34.985711      
26.88          1097.0         33.12099       
26.897         1230.0         35.071356      
26.914         1244.0         35.270384      
26.931         1168.0         34.176015      
26.948         1153.0         33.955854      
26.965         1153.0         33.955854      
26.982         1149.0         33.896903      
26.999         1174.0         34.263683      
27.016         1167.0         34.161382      
27.033         1106.0         33.256578      
27.05          1127.0         33.570821      
27.067         1181.0         34.365681      
27.084         1183.0         34.394767      
27.101         1130.0         33.615473      
27.118         1127.0         33.570821      
27.135         1144.0         33.823069      
27.152         1158.0         34.029399      
27.169         1129.0         33.600595      
27.186         1150.0         33.91165       
27.203         1146.0         33.852622      
27.22          1130.0         33.615473      
27.237         1125.0         33.54102       
27.254         1134.0         33.674916      
27.271         1148.0         33.882149      
27.288         1185.0         34.423829      
27.305         1182.0         34.380227      
27.322         1147.0         33.867388      
27.339         1159.0         34.044089      
27.356         1131.0         33.630343      
27.373         1148.0         33.882149      
27.39          1126.0         33.555923      
27.407         1120.0         33.466401      
27.424         1173.0         34.249088      
27.441         1191.0         34.510868      
27.458         1175.0         34.278273      
27.475         1178.0         34.322005      
27.492         1161.0         34.07345       
27.509         1186.0         34.438351      
27.526         1195.0         34.568772      
27.543         1176.0         34.292856      
27.56          1167.0         34.161382      
27.577         1133.0         33.660065      
27.594         1142.0         33.79349       
27.611         1206.0         34.727511      
27.628         1101.0         33.18132       
27.645         1148.0         33.882149      
27.662         1126.0         33.555923      
27.679         1094.0         33.075671      
27.696         1141.0         33.778692      
27.713         1185.0         34.423829      
27.73          1094.0         33.075671      
27.747         1113.0         33.361655      
27.764         1141.0         33.778692      
27.781         1173.0         34.249088      
27.798         1146.0         33.852622      
27.815         1190.0         34.496377      
27.832         1134.0         33.674916      
27.849         1147.0         33.867388      
27.866         1079.0         32.848135      
27.883         1132.0         33.645208      
27.9           1129.0         33.600595      
27.917         1109.0         33.301652      
27.934         1131.0         33.630343      
27.951         1123.0         33.511192      
27.968         1200.0         34.641016      
27.985         1137.0         33.719431      
28.002         1112.0         33.346664      
28.019         1157.0         34.014703      
28.036         1170.0         34.205263      
28.053         1099.0         33.151169      
28.07          1134.0         33.674916      
28.087         1135.0         33.689761      
28.104         1146.0         33.852622      
28.121         1172.0         34.234486      
28.138         1140.0         33.763886      
28.155         1099.0         33.151169      
28.172         1103.0         33.211444      
28.189         1122.0         33.496268      
28.206         1140.0         33.763886      
28.223         1100.0         33.166248      
28.24          1117.0         33.42155       
28.257         1139.0         33.749074      
28.274         1106.0         33.256578      
28.291         1142.0         33.79349       
28.308         1143.0         33.808283      
28.325         1150.0         33.91165       
28.342         1146.0         33.852622      
28.359         1124.0         33.526109      
28.376         1143.0         33.808283      
28.393         1118.0         33.436507      
28.41          1147.0         33.867388      
28.427         1184.0         34.409301      
28.444         1143.0         33.808283      
28.461         1128.0         33.585711      
28.478         1124.0         33.526109      
28.495         1099.0         33.151169      
28.512         1119.0         33.451457      
28.529         1180.0         34.351128      
28.546         1147.0         33.867388      
28.563         1159.0         34.044089      
28.58          1156.0         34.0           
28.597         1094.0         33.075671      
28.614         1141.0         33.778692      
28.631         1095.0         33.090784      
28.648         1138.0         33.734256      
28.665         1090.0         33.015148      
28.682         1109.0         33.301652      
28.699         1086.0         32.954514      
28.716         1098.0         33.136083      
28.733         1124.0         33.526109      
28.75          1123.0         33.511192      
28.767         1126.0         33.555923      
28.784         1188.0         34.467376      
28.801         1099.0         33.151169      
28.818         1154.0         33.970576      
28.835         1146.0         33.852622      
28.852         1104.0         33.226495      
28.869         1135.0         33.689761      
28.886         1155.0         33.985291      
28.903         1158.0         34.029399      
28.92          1197.0         34.597688      
28.937         1138.0         33.734256      
28.954         1136.0         33.704599      
28.971         1136.0         33.704599      
28.988         1172.0         34.234486      
29.005         1152.0         33.941125      
29.022         1147.0         33.867388      
29.039         1179.0         34.336569      
29.056         1143.0         33.808283      
29.073         1188.0         34.467376      
29.09          1155.0         33.985291      
29.107         1123.0         33.511192      
29.124         1129.0         33.600595      
29.141         1105.0         33.24154       
29.158         1133.0         33.660065      
29.175         1185.0         34.423829      
29.192         1157.0         34.014703      
29.209         1166.0         34.146742      
29.226         1168.0         34.176015      
29.243         1154.0         33.970576      
29.26          1134.0         33.674916      
29.277         1156.0         34.0           
29.294         1147.0         33.867388      
29.311         1150.0         33.91165       
29.328         1163.0         34.102786      
29.345         1137.0         33.719431      
29.362         1116.0         33.406586      
29.379         1100.0         33.166248      
29.396         1110.0         33.316662      
29.413         1130.0         33.615473      
29.43          1163.0         34.102786      
29.447         1146.0         33.852622      
29.464         1186.0         34.438351      
29.481         1190.0         34.496377      
29.498         1154.0         33.970576      
29.515         1151.0         33.926391      
29.532         1164.0         34.117444      
29.549         1125.0         33.54102       
29.566         1162.0         34.088121      
29.583         1108.0         33.286634      
29.6           1161.0         34.07345       
29.617         1157.0         34.014703      
29.634         1165.0         34.132096      
29.651         1149.0         33.896903      
29.668         1103.0         33.211444      
29.685         1195.0         34.568772      
29.702         1164.0         34.117444      
29.719         1175.0         34.278273      
29.736         1164.0         34.117444      
29.753         1158.0         34.029399      
29.77          1214.0         34.842503      
29.787         1167.0         34.161382      
29.804         1115.0         33.391616      
29.821         1173.0         34.249088      
29.838         1165.0         34.132096      
29.855         1165.0         34.132096      
29.872         1150.0         33.91165       
29.889         1159.0         34.044089      
29.906         1098.0         33.136083      
29.923         1194.0         34.554305      
29.94          1128.0         33.585711      
29.957         1128.0         33.585711      
29.974         1117.0         33.42155       
29.991         1112.0         33.346664      
30.008         1102.0         33.196385      
30.025         1156.0         34.0           
30.042         1165.0         34.132096      
30.059         1162.0         34.088121      
30.076         1148.0         33.882149      
30.093         1135.0         33.689761      
30.11          1144.0         33.823069      
30.127         1133.0         33.660065      
30.144         1148.0         33.882149      
30.161         1143.0         33.808283      
30.178         1174.0         34.263683      
30.195         1161.0         34.07345       
30.212         1178.0         34.322005      
30.229         1168.0         34.176015      
30.246         1183.0         34.394767      
30.263         1213.0         34.82815       
30.28          1204.0         34.698703      
30.297         1201.0         34.655447      
30.314         1209.0         34.770677      
30.331         1173.0         34.249088      
30.348         1132.0         33.645208      
30.365         1163.0         34.102786      
30.382         1188.0         34.467376      
30.399         1165.0         34.132096      
30.416         1142.0         33.79349       
30.433         1161.0         34.07345       
30.45          1202.0         34.669872      
30.467         1220.0         34.928498      
30.484         1153.0         33.955854      
30.501         1174.0         34.263683      
30.518         1193.0         34.539832      
30.535         1124.0         33.526109      
30.552         1135.0         33.689761      
30.569         1145.0         33.837849      
30.586         1139.0         33.749074      
30.603         1129.0         33.600595      
30.62          1157.0         34.014703      
30.637         1131.0         33.630343      
30.654         1181.0         34.365681      
30.671         1145.0         33.837849      
30.688         1158.0         34.029399      
30.705         1196.0         34.583233      
30.722         1198.0         34.612137      
30.739         1167.0         34.161382      
30.756         1164.0         34.117444      
30.773         1126.0         33.555923      
30.79          1137.0         33.719431      
30.807         1186.0         34.438351      
30.824         1139.0         33.749074      
30.841         1156.0         34.0           
30.858         1130.0         33.615473      
30.875         1136.0         33.704599      
30.892         1115.0         33.391616      
30.909         1136.0         33.704599      
30.926         1124.0         33.526109      
30.943         1117.0         33.42155       
30.96          1174.0         34.263683      
30.977         1126.0         33.555923      
30.994         1137.0         33.719431      
31.011         1118.0         33.436507      
31.028         1185.0         34.423829      
31.045         1186.0         34.438351      
31.062         1165.0         34.132096      
31.079         1153.0         33.955854      
31.096         1198.0         34.612137      
31.113         1177.0         34.307434      
31.13          1133.0         33.660065      
31.147         1123.0         33.511192      
31.164         1111.0         33.331667      
31.181         1123.0         33.511192      
31.198         1133.0         33.660065      
31.215         1134.0         33.674916      
31.232         1140.0         33.763886      
31.249         1181.0         34.365681      
31.266         1200.0         34.641016      
31.283         1146.0         33.852622      
31.3           1096.0         33.105891      
31.317         1137.0         33.719431      
31.334         1175.0         34.278273      
31.351         1164.0         34.117444      
31.368         1162.0         34.088121      
31.385         1182.0         34.380227      
31.402         1176.0         34.292856      
31.419         1152.0         33.941125      
31.436         1150.0         33.91165       
31.453         1165.0         34.132096      
31.47          1165.0         34.132096      
31.487         1134.0         33.674916      
31.504         1145.0         33.837849      
31.521         1125.0         33.54102       
31.538         1156.0         34.0           
31.555         1140.0         33.763886      
31.572         1138.0         33.734256      
31.589         1220.0         34.928498      
31.606         1202.0         34.669872      
31.623         1159.0         34.044089      
31.64          1170.0         34.205263      
31.657         1187.0         34.452866      
31.674         1126.0         33.555923      
31.691         1163.0         34.102786      
31.708         1180.0         34.351128      
31.725         1190.0         34.496377      
31.742         1211.0         34.799425      
31.759         1117.0         33.42155       
31.776         1147.0         33.867388      
31.793         1100.0         33.166248      
31.81          1147.0         33.867388      
31.827         1187.0         34.452866      
31.844         1142.0         33.79349       
31.861         1170.0         34.205263      
31.878         1177.0         34.307434      
31.895         1126.0         33.555923      
31.912         1128.0         33.585711      
31.929         1185.0         34.423829      
31.946         1199.0         34.626579      
31.963         1165.0         34.132096      
31.98          1167.0         34.161382      
31.997         1117.0         33.42155       
32.014         1159.0         34.044089      
32.031         1128.0         33.585711      
32.048         1168.0         34.176015      
32.065         1141.0         33.778692      
32.082         1170.0         34.205263      
32.099         1183.0         34.394767      
32.116         1183.0         34.394767      
32.133         1188.0         34.467376      
32.15          1154.0         33.970576      
32.167         1166.0         34.146742      
32.184         1167.0         34.161382      
32.201         1163.0         34.102786      
32.218         1130.0         33.615473      
32.235         1142.0         33.79349       
32.252         1166.0         34.146742      
32.269         1137.0         33.719431      
32.286         1139.0         33.749074      
32.303         1107.0         33.27161       
32.32          1103.0         33.211444      
32.337         1135.0         33.689761      
32.354         1159.0         34.044089      
32.371         1118.0         33.436507      
32.388         1141.0         33.778692      
32.405         1136.0         33.704599      
32.422         1131.0         33.630343      
32.439         1149.0         33.896903      
32.456         1167.0         34.161382      
32.473         1130.0         33.615473      
32.49          1178.0         34.322005      
32.507         1209.0         34.770677      
32.524         1176.0         34.292856      
32.541         1166.0         34.146742      
32.558         1186.0         34.438351      
32.575         1163.0         34.102786      
32.592         1205.0         34.71311       
32.609         1194.0         34.554305      
32.626         1177.0         34.307434      
32.643         1260.0         35.496479      
32.66          1213.0         34.82815       
32.677         1225.0         35.0           
32.694         1295.0         35.986108      
32.711         1309.0         36.180105      
32.728         1269.0         35.623026      
32.745         1243.0         35.256205      
32.762         1311.0         36.207734      
32.779         1322.0         36.359318      
32.796         1423.0         37.722672      
32.813         1472.0         38.366652      
32.83          1645.0         40.5586        
32.847         1703.0         41.267421      
32.864         1911.0         43.714986      
32.881         2053.0         45.310043      
32.898         2226.0         47.180504      
32.915         2228.0         47.201695      
32.932         2331.0         48.280431      
32.949         2171.0         46.593991      
32.966         2000.0         44.72136       
32.983         1873.0         43.27817       
33.0           1702.0         41.255303      
33.017         1591.0         39.887341      
33.034         1494.0         38.652296      
33.051         1402.0         37.44329       
33.068         1373.0         37.054015      
33.085         1399.0         37.403208      
33.102         1310.0         36.193922      
33.119         1248.0         35.327043      
33.136         1269.0         35.623026      
33.153         1262.0         35.524639      
33.17          1211.0         34.799425      
33.187         1216.0         34.871192      
33.204         1220.0         34.928498      
33.221         1221.0         34.94281       
33.238         1208.0         34.756294      
33.255         1172.0         34.234486      
33.272         1164.0         34.117444      
33.289         1188.0         34.467376      
33.306         1212.0         34.81379       
33.323         1204.0         34.698703      
33.34          1215.0         34.85685       
33.357         1160.0         34.058773      
33.374         1157.0         34.014703      
33.391         1203.0         34.68429       
33.408         1248.0         35.327043      
33.425         1158.0         34.029399      
33.442         1169.0         34.190642      
33.459         1203.0         34.68429       
33.476         1194.0         34.554305      
33.493         1207.0         34.741906      
33.51          1172.0         34.234486      
33.527         1141.0         33.778692      
33.544         1148.0         33.882149      
33.561         1242.0         35.24202       
33.578         1184.0         34.409301      
33.595         1213.0         34.82815       
33.612         1206.0         34.727511      
33.629         1141.0         33.778692      
33.646         1164.0         34.117444      
33.663         1190.0         34.496377      
33.68          1158.0         34.029399      
33.697         1112.0         33.346664      
33.714         1249.0         35.341194      
33.731         1144.0         33.823069      
33.748         1202.0         34.669872      
33.765         1138.0         33.734256      
33.782         1163.0         34.102786      
33.799         1244.0         35.270384      
33.816         1218.0         34.899857      
33.833         1143.0         33.808283      
33.85          1139.0         33.749074      
33.867         1192.0         34.525353      
33.884         1113.0         33.361655      
33.901         1123.0         33.511192      
33.918         1101.0         33.18132       
33.935         1125.0         33.54102       
33.952         1187.0         34.452866      
33.969         1169.0         34.190642      
33.986         1168.0         34.176015      
34.003         1160.0         34.058773      
34.02          1154.0         33.970576      
34.037         1156.0         34.0           
34.054         1135.0         33.689761      
34.071         1146.0         33.852622      
34.088         1154.0         33.970576      
34.105         1157.0         34.014703      
34.122         1160.0         34.058773      
34.139         1149.0         33.896903      
34.156         1175.0         34.278273      
34.173         1152.0         33.941125      
34.19          1130.0         33.615473      
34.207         1148.0         33.882149      
34.224         1189.0         34.481879      
34.241         1178.0         34.322005      
34.258         1147.0         33.867388      
34.275         1140.0         33.763886      
34.292         1169.0         34.190642      
34.309         1209.0         34.770677      
34.326         1177.0         34.307434      
34.343         1157.0         34.014703      
34.36          1147.0         33.867388      
34.377         1157.0         34.014703      
34.394         1178.0         34.322005      
34.411         1140.0         33.763886      
34.428         1166.0         34.146742      
34.445         1161.0         34.07345       
34.462         1200.0         34.641016      
34.479         1197.0         34.597688      
34.496         1176.0         34.292856      
34.513         1114.0         33.376639      
34.53          1178.0         34.322005      
34.547         1190.0         34.496377      
34.564         1183.0         34.394767      
34.581         1242.0         35.24202       
34.598         1218.0         34.899857      
34.615         1153.0         33.955854      
34.632         1162.0         34.088121      
34.649         1138.0         33.734256      
34.666         1172.0         34.234486      
34.683         1162.0         34.088121      
34.7           1114.0         33.376639      
34.717         1117.0         33.42155       
34.734         1158.0         34.029399      
34.751         1149.0         33.896903      
34.768         1157.0         34.014703      
34.785         1141.0         33.778692      
34.802         1164.0         34.117444      
34.819         1158.0         34.029399      
34.836         1148.0         33.882149      
34.853         1096.0         33.105891      
34.87          1159.0         34.044089      
34.887         1167.0         34.161382      
34.904         1060.0         32.557641      
34.921         1147.0         33.867388      
34.938         1149.0         33.896903      
34.955         1131.0         33.630343      
34.972         1138.0         33.734256      
34.989         1152.0         33.941125      
35.006         1157.0         34.014703      
35.023         1132.0         33.645208      
35.04          1135.0         33.689761      
35.057         1158.0         34.029399      
35.074         1207.0         34.741906      
35.091         1186.0         34.438351      
35.108         1127.0         33.570821      
35.125         1142.0         33.79349       
35.142         1172.0         34.234486      
35.159         1142.0         33.79349       
35.176         1136.0         33.704599      
35.193         1167.0         34.161382      
35.21          1190.0         34.496377      
35.227         1161.0         34.07345       
35.244         1168.0         34.176015      
35.261         1155.0         33.985291      
35.278         1150.0         33.91165       
35.295         1167.0         34.161382      
35.312         1184.0         34.409301      
35.329         1135.0         33.689761      
35.346         1137.0         33.719431      
35.363         1115.0         33.391616      
35.38          1098.0         33.136083      
35.397         1152.0         33.941125      
35.414         1140.0         33.763886      
35.431         1143.0         33.808283      
35.448         1092.0         33.045423      
35.465         1145.0         33.837849      
35.482         1186.0         34.438351      
35.499         1170.0         34.205263      
35.516         1167.0         34.161382      
35.533         1145.0         33.837849      
35.55          1176.0         34.292856      
35.567         1174.0         34.263683      
35.584         1162.0         34.088121      
35.601         1160.0         34.058773      
35.618         1193.0         34.539832      
35.635         1181.0         34.365681      
35.652         1079.0         32.848135      
35.669         1190.0         34.496377      
35.686         1170.0         34.205263      
35.703         1203.0         34.68429       
35.72          1177.0         34.307434      
35.737         1181.0         34.365681      
35.754         1203.0         34.68429       
35.771         1121.0         33.481338      
35.788         1106.0         33.256578      
35.805         1098.0         33.136083      
35.822         1069.0         32.695565      
35.839         1201.0         34.655447      
35.856         1199.0         34.626579      
35.873         1131.0         33.630343      
35.89          1177.0         34.307434      
35.907         1191.0         34.510868      
35.924         1193.0         34.539832      
35.941         1146.0         33.852622      
35.958         1139.0         33.749074      
35.975         1219.0         34.914181      
35.992         1186.0         34.438351      
36.009         1190.0         34.496377      
36.026         1162.0         34.088121      
36.043         1184.0         34.409301      
36.06          1177.0         34.307434      
36.077         1208.0         34.756294      
36.094         1243.0         35.256205      
36.111         1205.0         34.71311       
36.128         1213.0         34.82815       
36.145         1200.0         34.641016      
36.162         1182.0         34.380227      
36.179         1213.0         34.82815       
36.196         1279.0         35.763109      
36.213         1302.0         36.083237      
36.23          1303.0         36.097091      
36.247         1377.0         37.107951      
36.264         1443.0         37.98684       
36.281         1531.0         39.127995      
36.298         1567.0         39.585351      
36.315         1691.0         41.12177       
36.332         1844.0         42.941821      
36.349         1947.0         44.124823      
36.366         2217.0         47.085029      
36.383         2497.0         49.969991      
36.4           2864.0         53.516353      
36.417         3234.0         56.868269      
36.434         3534.0         59.447456      
36.451         3856.0         62.096699      
36.468         3738.0         61.139185      
36.485         3664.0         60.530984      
36.502         3469.0         58.898217      
36.519         3116.0         55.821143      
36.536         2991.0         54.690036      
36.553         2744.0         52.383203      
36.57          2325.0         48.218254      
36.587         2189.0         46.78675       
36.604         1982.0         44.519659      
36.621         1700.0         41.231056      
36.638         1623.0         40.286474      
36.655         1466.0         38.288379      
36.672         1443.0         37.98684       
36.689         1361.0         36.891733      
36.706         1280.0         35.777088      
36.723         1272.0         35.665109      
36.74          1273.0         35.679126      
36.757         1178.0         34.322005      
36.774         1187.0         34.452866      
36.791         1183.0         34.394767      
36.808         1209.0         34.770677      
36.825         1221.0         34.94281       
36.842         1182.0         34.380227      
36.859         1206.0         34.727511      
36.876         1165.0         34.132096      
36.893         1149.0         33.896903      
36.91          1144.0         33.823069      
36.927         1170.0         34.205263      
36.944         1142.0         33.79349       
36.961         1180.0         34.351128      
36.978         1094.0         33.075671      
36.995         1163.0         34.102786      
37.012         1175.0         34.278273      
37.029         1129.0         33.600595      
37.046         1154.0         33.970576      
37.063         1182.0         34.380227      
37.08          1159.0         34.044089      
37.097         1145.0         33.837849      
37.114         1134.0         33.674916      
37.131         1125.0         33.54102       
37.148         1122.0         33.496268      
37.165         1170.0         34.205263      
37.182         1169.0         34.190642      
37.199         1121.0         33.481338      
37.216         1081.0         32.878564      
37.233         1072.0         32.741411      
37.25          1138.0         33.734256      
37.267         1153.0         33.955854      
37.284         1146.0         33.852622      
37.301         1146.0         33.852622      
37.318         1098.0         33.136083      
37.335         1159.0         34.044089      
37.352         1118.0         33.436507      
37.369         1117.0         33.42155       
37.386         1160.0         34.058773      
37.403         1148.0         33.882149      
37.42          1083.0         32.908965      
37.437         1157.0         34.014703      
37.454         1185.0         34.423829      
37.471         1154.0         33.970576      
37.488         1157.0         34.014703      
37.505         1132.0         33.645208      
37.522         1136.0         33.704599      
37.539         1199.0         34.626579      
37.556         1149.0         33.896903      
37.573         1083.0         32.908965      
37.59          1145.0         33.837849      
37.607         1171.0         34.219877      
37.624         1113.0         33.361655      
37.641         1067.0         32.664966      
37.658         1083.0         32.908965      
37.675         1157.0         34.014703      
37.692         1100.0         33.166248      
37.709         1155.0         33.985291      
37.726         1082.0         32.893768      
37.743         1181.0         34.365681      
37.76          1150.0         33.91165       
37.777         1085.0         32.939338      
37.794         1116.0         33.406586      
37.811         1131.0         33.630343      
37.828         1101.0         33.18132       
37.845         1138.0         33.734256      
37.862         1146.0         33.852622      
37.879         1184.0         34.409301      
37.896         1195.0         34.568772      
37.913         1140.0         33.763886      
37.93          1124.0         33.526109      
37.947         1084.0         32.924155      
37.964         1099.0         33.151169      
37.981         1140.0         33.763886      
37.998         1121.0         33.481338      
38.015         1184.0         34.409301      
38.032         1164.0         34.117444      
38.049         1139.0         33.749074      
38.066         1190.0         34.496377      
38.083         1158.0         34.029399      
38.1           1139.0         33.749074      
38.117         1193.0         34.539832      
38.134         1188.0         34.467376      
38.151         1215.0         34.85685       
38.168         1204.0         34.698703      
38.185         1210.0         34.785054      
38.202         1243.0         35.256205      
38.219         1270.0         35.637059      
38.236         1275.0         35.707142      
38.253         1297.0         36.013886      
38.27          1353.0         36.783148      
38.287         1372.0         37.040518      
38.304         1409.0         37.536649      
38.321         1550.0         39.370039      
38.338         1692.0         41.133928      
38.355         1847.0         42.976738      
38.372         2017.0         44.911023      
38.389         2271.0         47.65501       
38.406         2422.0         49.213819      
38.423         2617.0         51.156622      
38.44          2713.0         52.086467      
38.457         2572.0         50.714889      
38.474         2476.0         49.759421      
38.491         2216.0         47.074409      
38.508         1978.0         44.474712      
38.525         1890.0         43.47413       
38.542         1731.0         41.605288      
38.559         1666.0         40.816663      
38.576         1566.0         39.572718      
38.593         1602.0         40.024992      
38.61          1594.0         39.92493       
38.627         1687.0         41.073106      
38.644         1781.0         42.201896      
38.661         1895.0         43.531598      
38.678         1969.0         44.373415      
38.695         2155.0         46.421978      
38.712         2484.0         49.839743      
38.729         2775.0         52.678269      
38.746         2980.0         54.589376      
38.763         3303.0         57.471732      
38.78          3660.0         60.497934      
38.797         3957.0         62.90469       
38.814         4037.0         63.537391      
38.831         3959.0         62.920585      
38.848         3787.0         61.538606      
38.865         3486.0         59.042358      
38.882         3128.0         55.928526      
38.899         2788.0         52.801515      
38.916         2509.0         50.089919      
38.933         2303.0         47.989582      
38.95          2116.0         46.0           
38.967         1931.0         43.943145      
38.984         1774.0         42.118879      
39.001         1658.0         40.718546      
39.018         1583.0         39.786933      
39.035         1545.0         39.306488      
39.052         1493.0         38.639358      
39.069         1454.0         38.131352      
39.086         1387.0         37.242449      
39.103         1334.0         36.523965      
39.12          1329.0         36.455452      
39.137         1302.0         36.083237      
39.154         1306.0         36.138622      
39.171         1267.0         35.594943      
39.188         1233.0         35.1141        
39.205         1258.0         35.468296      
39.222         1275.0         35.707142      
39.239         1285.0         35.846897      
39.256         1307.0         36.152455      
39.273         1291.0         35.930488      
39.29          1288.0         35.888717      
39.307         1293.0         35.958309      
39.324         1226.0         35.014283      
39.341         1217.0         34.885527      
39.358         1252.0         35.383612      
39.375         1222.0         34.957117      
39.392         1258.0         35.468296      
39.409         1247.0         35.312887      
39.426         1221.0         34.94281       
39.443         1207.0         34.741906      
39.46          1187.0         34.452866      
39.477         1243.0         35.256205      
39.494         1234.0         35.128336      
39.511         1212.0         34.81379       
39.528         1239.0         35.199432      
39.545         1158.0         34.029399      
39.562         1257.0         35.454196      
39.579         1241.0         35.22783       
39.596         1224.0         34.985711      
39.613         1179.0         34.336569      
39.63          1178.0         34.322005      
39.647         1220.0         34.928498      
39.664         1208.0         34.756294      
39.681         1175.0         34.278273      
39.698         1186.0         34.438351      
39.715         1200.0         34.641016      
39.732         1227.0         35.02856       
39.749         1197.0         34.597688      
39.766         1205.0         34.71311       
39.783         1162.0         34.088121      
39.8           1211.0         34.799425      
39.817         1227.0         35.02856       
39.834         1214.0         34.842503      
39.851         1186.0         34.438351      
39.868         1227.0         35.02856       
39.885         1235.0         35.142567      
39.902         1239.0         35.199432      
39.919         1227.0         35.02856       
39.936         1170.0         34.205263      
39.953         1123.0         33.511192      
39.97          1140.0         33.763886      
39.987         1197.0         34.597688      
40.004         1196.0         34.583233      
40.021         1199.0         34.626579      
40.038         1189.0         34.481879      
40.055         1157.0         34.014703      
40.072         1215.0         34.85685       
40.089         1200.0         34.641016      
40.106         1148.0         33.882149      
40.123         1147.0         33.867388      
40.14          1185.0         34.423829      
40.157         1169.0         34.190642      
40.174         1163.0         34.102786      
40.191         1187.0         34.452866      
40.208         1197.0         34.597688      
40.225         1195.0         34.568772      
40.242         1187.0         34.452866      
40.259         1168.0         34.176015      
40.276         1118.0         33.436507      
40.293         1091.0         33.030289      
40.31          1156.0         34.0           
40.327         1150.0         33.91165       
40.344         1192.0         34.525353      
40.361         1216.0         34.871192      
40.378         1167.0         34.161382      
40.395         1169.0         34.190642      
40.412         1176.0         34.292856      
40.429         1203.0         34.68429       
40.446         1193.0         34.539832      
40.463         1190.0         34.496377      
40.48          1151.0         33.926391      
40.497         1133.0         33.660065      
40.514         1234.0         35.128336      
40.531         1313.0         36.235342      
40.548         1260.0         35.496479      
40.565         1279.0         35.763109      
40.582         1323.0         36.373067      
40.599         1259.0         35.48239       
40.616         1307.0         36.152455      
40.633         1267.0         35.594943      
40.65          1248.0         35.327043      
40.667         1305.0         36.124784      
40.684         1256.0         35.44009       
40.701         1264.0         35.552778      
40.718         1278.0         35.749126      
40.735         1221.0         34.94281       
40.752         1202.0         34.669872      
40.769         1258.0         35.468296      
40.786         1196.0         34.583233      
40.803         1174.0         34.263683      
40.82          1194.0         34.554305      
40.837         1177.0         34.307434      
40.854         1130.0         33.615473      
40.871         1212.0         34.81379       
40.888         1185.0         34.423829      
40.905         1118.0         33.436507      
40.922         1162.0         34.088121      
40.939         1140.0         33.763886      
40.956         1183.0         34.394767      
40.973         1227.0         35.02856       
40.99          1181.0         34.365681      
41.007         1160.0         34.058773      
41.024         1173.0         34.249088      
41.041         1200.0         34.641016      
41.058         1187.0         34.452866      
41.075         1175.0         34.278273      
41.092         1154.0         33.970576      
41.109         1168.0         34.176015      
41.126         1179.0         34.336569      
41.143         1173.0         34.249088      
41.16          1192.0         34.525353      
41.177         1179.0         34.336569      
41.194         1182.0         34.380227      
41.211         1176.0         34.292856      
41.228         1164.0         34.117444      
41.245         1161.0         34.07345       
41.262         1126.0         33.555923      
41.279         1133.0         33.660065      
41.296         1142.0         33.79349       
41.313         1179.0         34.336569      
41.33          1141.0         33.778692      
41.347         1094.0         33.075671      
41.364         1169.0         34.190642      
41.381         1166.0         34.146742      
41.398         1171.0         34.219877      
41.415         1148.0         33.882149      
41.432         1118.0         33.436507      
41.449         1167.0         34.161382      
41.466         1176.0         34.292856      
41.483         1179.0         34.336569      
41.5           1135.0         33.689761      
41.517         1179.0         34.336569      
41.534         1115.0         33.391616      
41.551         1163.0         34.102786      
41.568         1157.0         34.014703      
41.585         1173.0         34.249088      
41.602         1165.0         34.132096      
41.619         1248.0         35.327043      
41.636         1190.0         34.496377      
41.653         1218.0         34.899857      
41.67          1172.0         34.234486      
41.687         1199.0         34.626579      
41.704         1194.0         34.554305      
41.721         1195.0         34.568772      
41.738         1225.0         35.0           
41.755         1201.0         34.655447      
41.772         1182.0         34.380227      
41.789         1216.0         34.871192      
41.806         1204.0         34.698703      
41.823         1151.0         33.926391      
41.84          1222.0         34.957117      
41.857         1155.0         33.985291      
41.874         1123.0         33.511192      
41.891         1136.0         33.704599      
41.908         1177.0         34.307434      
41.925         1136.0         33.704599      
41.942         1118.0         33.436507      
41.959         1156.0         34.0           
41.976         1175.0         34.278273      
41.993         1222.0         34.957117      
42.01          1202.0         34.669872      
42.027         1197.0         34.597688      
42.044         1218.0         34.899857      
42.061         1193.0         34.539832      
42.078         1192.0         34.525353      
42.095         1202.0         34.669872      
42.112         1200.0         34.641016      
42.129         1150.0         33.91165       
42.146         1150.0         33.91165       
42.163         1201.0         34.655447      
42.18          1242.0         35.24202       
42.197         1201.0         34.655447      
42.214         1215.0         34.85685       
42.231         1248.0         35.327043      
42.248         1229.0         35.057096      
42.265         1282.0         35.805028      
42.282         1345.0         36.674242      
42.299         1375.0         37.080992      
42.316         1382.0         37.175261      
42.333         1379.0         37.134889      
42.35          1389.0         37.26929       
42.367         1457.0         38.170669      
42.384         1464.0         38.262253      
42.401         1608.0         40.099875      
42.418         1642.0         40.521599      
42.435         1719.0         41.460825      
42.452         1810.0         42.544095      
42.469         1912.0         43.726422      
42.486         2167.0         46.551047      
42.503         2416.0         49.152823      
42.52          2726.0         52.21111       
42.537         3095.0         55.632724      
42.554         3606.0         60.049979      
42.571         4107.0         64.08588       
42.588         4511.0         67.163978      
42.605         4790.0         69.209826      
42.622         4861.0         69.720872      
42.639         4784.0         69.166466      
42.656         4706.0         68.600292      
42.673         4284.0         65.452273      
42.69          4015.0         63.364028      
42.707         3713.0         60.934391      
42.724         3419.0         58.472216      
42.741         3144.0         56.071383      
42.758         2884.0         53.702886      
42.775         2690.0         51.86521       
42.792         2461.0         49.608467      
42.809         2408.0         49.071377      
42.826         2488.0         49.879856      
42.843         2574.0         50.734604      
42.86          2750.0         52.440442      
42.877         2978.0         54.571055      
42.894         3340.0         57.792733      
42.911         3646.0         60.382117      
42.928         4245.0         65.153665      
42.945         4803.0         69.30368       
42.962         5465.0         73.925638      
42.979         6200.0         78.740079      
42.996         6930.0         83.246622      
43.013         7607.0         87.218117      
43.03          7912.0         88.949424      
43.047         7959.0         89.213228      
43.064         7926.0         89.028085      
43.081         7583.0         87.080423      
43.098         7148.0         84.545846      
43.115         6744.0         82.121861      
43.132         6153.0         78.441061      
43.149         5476.0         74.0           
43.166         4922.0         70.156967      
43.183         4363.0         66.053009      
43.2           3823.0         61.830413      
43.217         3330.0         57.706152      
43.234         2877.0         53.637673      
43.251         2597.0         50.960769      
43.268         2348.0         48.456166      
43.285         2127.0         46.11941       
43.302         1961.0         44.28318       
43.319         1842.0         42.918527      
43.336         1700.0         41.231056      
43.353         1597.0         39.962482      
43.37          1533.0         39.153544      
43.387         1437.0         37.907783      
43.404         1403.0         37.456642      
43.421         1365.0         36.945906      
43.438         1399.0         37.403208      
43.455         1258.0         35.468296      
43.472         1301.0         36.069378      
43.489         1336.0         36.551334      
43.506         1262.0         35.524639      
43.523         1265.0         35.566838      
43.54          1221.0         34.94281       
43.557         1275.0         35.707142      
43.574         1232.0         35.099858      
43.591         1239.0         35.199432      
43.608         1208.0         34.756294      
43.625         1272.0         35.665109      
43.642         1173.0         34.249088      
43.659         1208.0         34.756294      
43.676         1177.0         34.307434      
43.693         1148.0         33.882149      
43.71          1153.0         33.955854      
43.727         1195.0         34.568772      
43.744         1171.0         34.219877      
43.761         1184.0         34.409301      
43.778         1140.0         33.763886      
43.795         1173.0         34.249088      
43.812         1196.0         34.583233      
43.829         1223.0         34.971417      
43.846         1184.0         34.409301      
43.863         1161.0         34.07345       
43.88          1145.0         33.837849      
43.897         1124.0         33.526109      
43.914         1158.0         34.029399      
43.931         1175.0         34.278273      
43.948         1192.0         34.525353      
43.965         1196.0         34.583233      
43.982         1198.0         34.612137      
43.999         1190.0         34.496377      
44.016         1148.0         33.882149      
44.033         1199.0         34.626579      
44.05          1210.0         34.785054      
44.067         1147.0         33.867388      
44.084         1140.0         33.763886      
44.101         1161.0         34.07345       
44.118         1151.0         33.926391      
44.135         1185.0         34.423829      
44.152         1204.0         34.698703      
44.169         1176.0         34.292856      
44.186         1236.0         35.156792      
44.203         1277.0         35.735137      
44.22          1213.0         34.82815       
44.237         1189.0         34.481879      
44.254         1241.0         35.22783       
44.271         1253.0         35.39774       
44.288         1239.0         35.199432      
44.305         1303.0         36.097091      
44.322         1316.0         36.276714      
44.339         1305.0         36.124784      
44.356         1313.0         36.235342      
44.373         1325.0         36.400549      
44.39          1342.0         36.633318      
44.407         1268.0         35.608988      
44.424         1382.0         37.175261      
44.441         1344.0         36.660606      
44.458         1431.0         37.828561      
44.475         1470.0         38.340579      
44.492         1606.0         40.07493       
44.509         1639.0         40.484565      
44.526         1704.0         41.279535      
44.543         1906.0         43.65776       
44.56          2098.0         45.80393       
44.577         2400.0         48.989795      
44.594         2693.0         51.894123      
44.611         3065.0         55.362442      
44.628         3524.0         59.363288      
44.645         3805.0         61.684682      
44.662         3809.0         61.717096      
44.679         3517.0         59.3043        
44.696         3234.0         56.868269      
44.713         2845.0         53.338541      
44.73          2505.0         50.049975      
44.747         2270.0         47.644517      
44.764         2046.0         45.232732      
44.781         1860.0         43.127717      
44.798         1685.0         41.048752      
44.815         1657.0         40.706265      
44.832         1553.0         39.408121      
44.849         1494.0         38.652296      
44.866         1469.0         38.327536      
44.883         1451.0         38.091994      
44.9           1456.0         38.157568      
44.917         1446.0         38.026307      
44.934         1393.0         37.322915      
44.951         1420.0         37.682887      
44.968         1499.0         38.716921      
44.985         1577.0         39.711459      
45.002         1607.0         40.087405      
45.019         1632.0         40.39802       
45.036         1729.0         41.581246      
45.053         1787.0         42.272923      
45.07          1777.0         42.154478      
45.087         1788.0         42.284749      
45.104         1751.0         41.844952      
45.121         1684.0         41.036569      
45.138         1648.0         40.595566      
45.155         1594.0         39.92493       
45.172         1501.0         38.742741      
45.189         1461.0         38.22303       
45.206         1417.0         37.64306       
45.223         1343.0         36.646964      
45.24          1328.0         36.441734      
45.257         1287.0         35.874782      
45.274         1259.0         35.48239       
45.291         1293.0         35.958309      
45.308         1244.0         35.270384      
45.325         1159.0         34.044089      
45.342         1161.0         34.07345       
45.359         1237.0         35.171011      
45.376         1218.0         34.899857      
45.393         1140.0         33.763886      
45.41          1206.0         34.727511      
45.427         1198.0         34.612137      
45.444         1161.0         34.07345       
45.461         1197.0         34.597688      
45.478         1193.0         34.539832      
45.495         1172.0         34.234486      
45.512         1087.0         32.969683      
45.529         1183.0         34.394767      
45.546         1167.0         34.161382      
45.563         1157.0         34.014703      
45.58          1149.0         33.896903      
45.597         1210.0         34.785054      
45.614         1134.0         33.674916      
45.631         1149.0         33.896903      
45.648         1163.0         34.102786      
45.665         1167.0         34.161382      
45.682         1143.0         33.808283      
45.699         1190.0         34.496377      
45.716         1185.0         34.423829      
45.733         1212.0         34.81379       
45.75          1221.0         34.94281       
45.767         1170.0         34.205263      
45.784         1125.0         33.54102       
45.801         1149.0         33.896903      
45.818         1169.0         34.190642      
45.835         1171.0         34.219877      
45.852         1212.0         34.81379       
45.869         1128.0         33.585711      
45.886         1150.0         33.91165       
45.903         1169.0         34.190642      
45.92          1108.0         33.286634      
45.937         1097.0         33.12099       
45.954         1110.0         33.316662      
45.971         1102.0         33.196385      
45.988         1111.0         33.331667      
46.005         1122.0         33.496268      
46.022         1104.0         33.226495      
46.039         1120.0         33.466401      
46.056         1152.0         33.941125      
46.073         1159.0         34.044089      
46.09          1144.0         33.823069      
46.107         1140.0         33.763886      
46.124         1155.0         33.985291      
46.141         1167.0         34.161382      
46.158         1148.0         33.882149      
46.175         1127.0         33.570821      
46.192         1125.0         33.54102       
46.209         1126.0         33.555923      
46.226         1153.0         33.955854      
46.243         1127.0         33.570821      
46.26          1171.0         34.219877      
46.277         1135.0         33.689761      
46.294         1120.0         33.466401      
46.311         1098.0         33.136083      
46.328         1126.0         33.555923      
46.345         1119.0         33.451457      
46.362         1149.0         33.896903      
46.379         1144.0         33.823069      
46.396         1128.0         33.585711      
46.413         1147.0         33.867388      
46.43          1149.0         33.896903      
46.447         1172.0         34.234486      
46.464         1096.0         33.105891      
46.481         1168.0         34.176015      
46.498         1144.0         33.823069      
46.515         1166.0         34.146742      
46.532         1197.0         34.597688      
46.549         1174.0         34.263683      
46.566         1168.0         34.176015      
46.583         1167.0         34.161382      
46.6           1145.0         33.837849      
46.617         1127.0         33.570821      
46.634         1120.0         33.466401      
46.651         1133.0         33.660065      
46.668         1130.0         33.615473      
46.685         1124.0         33.526109      
46.702         1124.0         33.526109      
46.719         1116.0         33.406586      
46.736         1178.0         34.322005      
46.753         1153.0         33.955854      
46.77          1151.0         33.926391      
46.787         1185.0         34.423829      
46.804         1166.0         34.146742      
46.821         1168.0         34.176015      
46.838         1181.0         34.365681      
46.855         1170.0         34.205263      
46.872         1180.0         34.351128      
46.889         1200.0         34.641016      
46.906         1159.0         34.044089      
46.923         1163.0         34.102786      
46.94          1162.0         34.088121      
46.957         1179.0         34.336569      
46.974         1234.0         35.128336      
46.991         1230.0         35.071356      
47.008         1243.0         35.256205      
47.025         1205.0         34.71311       
47.042         1232.0         35.099858      
47.059         1297.0         36.013886      
47.076         1277.0         35.735137      
47.093         1305.0         36.124784      
47.11          1351.0         36.755952      
47.127         1424.0         37.735925      
47.144         1446.0         38.026307      
47.161         1509.0         38.845849      
47.178         1540.0         39.242834      
47.195         1587.0         39.837169      
47.212         1621.0         40.261644      
47.229         1716.0         41.42463       
47.246         1677.0         40.95119       
47.263         1676.0         40.938979      
47.28          1683.0         41.024383      
47.297         1615.0         40.187063      
47.314         1588.0         39.849718      
47.331         1505.0         38.794329      
47.348         1485.0         38.535698      
47.365         1469.0         38.327536      
47.382         1460.0         38.209946      
47.399         1420.0         37.682887      
47.416         1379.0         37.134889      
47.433         1286.0         35.860842      
47.45          1266.0         35.580894      
47.467         1217.0         34.885527      
47.484         1311.0         36.207734      
47.501         1229.0         35.057096      
47.518         1241.0         35.22783       
47.535         1197.0         34.597688      
47.552         1228.0         35.042831      
47.569         1190.0         34.496377      
47.586         1172.0         34.234486      
47.603         1163.0         34.102786      
47.62          1212.0         34.81379       
47.637         1123.0         33.511192      
47.654         1152.0         33.941125      
47.671         1140.0         33.763886      
47.688         1122.0         33.496268      
47.705         1126.0         33.555923      
47.722         1125.0         33.54102       
47.739         1173.0         34.249088      
47.756         1113.0         33.361655      
47.773         1106.0         33.256578      
47.79          1139.0         33.749074      
47.807         1121.0         33.481338      
47.824         1119.0         33.451457      
47.841         1103.0         33.211444      
47.858         1125.0         33.54102       
47.875         1097.0         33.12099       
47.892         1118.0         33.436507      
47.909         1107.0         33.27161       
47.926         1067.0         32.664966      
47.943         1054.0         32.465366      
47.96          1085.0         32.939338      
47.977         1161.0         34.07345       
47.994         1164.0         34.117444      
48.011         1098.0         33.136083      
48.028         1121.0         33.481338      
48.045         1129.0         33.600595      
48.062         1136.0         33.704599      
48.079         1101.0         33.18132       
48.096         1116.0         33.406586      
48.113         1139.0         33.749074      
48.13          1154.0         33.970576      
48.147         1110.0         33.316662      
48.164         1139.0         33.749074      
48.181         1132.0         33.645208      
48.198         1111.0         33.331667      
48.215         1146.0         33.852622      
48.232         1118.0         33.436507      
48.249         1148.0         33.882149      
48.266         1156.0         34.0           
48.283         1146.0         33.852622      
48.3           1143.0         33.808283      
48.317         1088.0         32.984845      
48.334         1075.0         32.787193      
48.351         1158.0         34.029399      
48.368         1064.0         32.619013      
48.385         1112.0         33.346664      
48.402         1133.0         33.660065      
48.419         1166.0         34.146742      
48.436         1198.0         34.612137      
48.453         1095.0         33.090784      
48.47          1134.0         33.674916      
48.487         1115.0         33.391616      
48.504         1115.0         33.391616      
48.521         1159.0         34.044089      
48.538         1181.0         34.365681      
48.555         1064.0         32.619013      
48.572         1108.0         33.286634      
48.589         1142.0         33.79349       
48.606         1113.0         33.361655      
48.623         1146.0         33.852622      
48.64          1135.0         33.689761      
48.657         1141.0         33.778692      
48.674         1106.0         33.256578      
48.691         1141.0         33.778692      
48.708         1192.0         34.525353      
48.725         1155.0         33.985291      
48.742         1096.0         33.105891      
48.759         1145.0         33.837849      
48.776         1114.0         33.376639      
48.793         1102.0         33.196385      
48.81          1119.0         33.451457      
48.827         1187.0         34.452866      
48.844         1181.0         34.365681      
48.861         1129.0         33.600595      
48.878         1142.0         33.79349       
48.895         1185.0         34.423829      
48.912         1142.0         33.79349       
48.929         1188.0         34.467376      
48.946         1195.0         34.568772      
48.963         1166.0         34.146742      
48.98          1185.0         34.423829      
48.997         1194.0         34.554305      
49.014         1181.0         34.365681      
49.031         1154.0         33.970576      
49.048         1182.0         34.380227      
49.065         1173.0         34.249088      
49.082         1193.0         34.539832      
49.099         1215.0         34.85685       
49.116         1230.0         35.071356      
49.133         1222.0         34.957117      
49.15          1256.0         35.44009       
49.167         1248.0         35.327043      
49.184         1261.0         35.510562      
49.201         1230.0         35.071356      
49.218         1307.0         36.152455      
49.235         1325.0         36.400549      
49.252         1393.0         37.322915      
49.269         1362.0         36.905284      
49.286         1385.0         37.215588      
49.303         1497.0         38.691084      
49.32          1575.0         39.68627       
49.337         1602.0         40.024992      
49.354         1688.0         41.085277      
49.371         1733.0         41.629317      
49.388         1763.0         41.988094      
49.405         1920.0         43.817805      
49.422         2088.0         45.694639      
49.439         2129.0         46.141088      
49.456         2453.0         49.52777       
49.473         2782.0         52.744668      
49.49          3039.0         55.127126      
49.507         3484.0         59.025418      
49.524         4233.0         65.061509      
49.541         4953.0         70.377553      
49.558         5742.0         75.775986      
49.575         6130.0         78.294317      
49.592         6134.0         78.319857      
49.609         6025.0         77.620873      
49.626         5609.0         74.893257      
49.643         5171.0         71.909666      
49.66          4746.0         68.891219      
49.677         4521.0         67.238382      
49.694         4405.0         66.370174      
49.711         4088.0         63.937469      
49.728         3650.0         60.41523       
49.745         3104.0         55.713553      
49.762         2664.0         51.613952      
49.779         2314.0         48.104054      
49.796         2115.0         45.989129      
49.813         1900.0         43.588989      
49.83          1745.0         41.773197      
49.847         1644.0         40.54627       
49.864         1505.0         38.794329      
49.881         1467.0         38.301436      
49.898         1435.0         37.881394      
49.915         1366.0         36.959437      
49.932         1353.0         36.783148      
49.949         1307.0         36.152455      
49.966         1326.0         36.414283      
49.983         1311.0         36.207734      
50.0           1281.0         35.79106       
50.017         1239.0         35.199432      
50.034         1214.0         34.842503      
50.051         1211.0         34.799425      
50.068         1167.0         34.161382      
50.085         1177.0         34.307434      
50.102         1187.0         34.452866      
50.119         1204.0         34.698703      
50.136         1218.0         34.899857      
50.153         1155.0         33.985291      
50.17          1209.0         34.770677      
50.187         1225.0         35.0           
50.204         1144.0         33.823069      
50.221         1190.0         34.496377      
50.238         1168.0         34.176015      
50.255         1133.0         33.660065      
50.272         1178.0         34.322005      
50.289         1180.0         34.351128      
50.306         1196.0         34.583233      
50.323         1145.0         33.837849      
50.34          1162.0         34.088121      
50.357         1125.0         33.54102       
50.374         1070.0         32.710854      
50.391         1135.0         33.689761      
50.408         1097.0         33.12099       
50.425         1146.0         33.852622      
50.442         1143.0         33.808283      
50.459         1114.0         33.376639      
50.476         1160.0         34.058773      
50.493         1082.0         32.893768      
50.51          1075.0         32.787193      
50.527         1074.0         32.771939      
50.544         1087.0         32.969683      
50.561         1121.0         33.481338      
50.578         1056.0         32.496154      
50.595         1065.0         32.634338      
50.612         1171.0         34.219877      
50.629         1093.0         33.060551      
50.646         1061.0         32.572995      
50.663         1099.0         33.151169      
50.68          1095.0         33.090784      
50.697         1122.0         33.496268      
50.714         1126.0         33.555923      
50.731         1130.0         33.615473      
50.748         1123.0         33.511192      
50.765         1115.0         33.391616      
50.782         1086.0         32.954514      
50.799         1091.0         33.030289      
50.816         1125.0         33.54102       
50.833         1138.0         33.734256      
50.85          1084.0         32.924155      
50.867         1050.0         32.403703      
50.884         1105.0         33.24154       
50.901         1134.0         33.674916      
50.918         1102.0         33.196385      
50.935         1084.0         32.924155      
50.952         1098.0         33.136083      
50.969         1119.0         33.451457      
50.986         1124.0         33.526109      
51.003         1117.0         33.42155       
51.02          1147.0         33.867388      
51.037         1185.0         34.423829      
51.054         1117.0         33.42155       
51.071         1081.0         32.878564      
51.088         1062.0         32.588341      
51.105         1036.0         32.186954      
51.122         1081.0         32.878564      
51.139         1135.0         33.689761      
51.156         1098.0         33.136083      
51.173         1089.0         33.0           
51.19          1083.0         32.908965      
51.207         1092.0         33.045423      
51.224         1090.0         33.015148      
51.241         1058.0         32.526912      
51.258         1086.0         32.954514      
51.275         1083.0         32.908965      
51.292         1087.0         32.969683      
51.309         1131.0         33.630343      
51.326         1073.0         32.756679      
51.343         1038.0         32.218007      
51.36          1087.0         32.969683      
51.377         1047.0         32.357379      
51.394         1122.0         33.496268      
51.411         1128.0         33.585711      
51.428         1189.0         34.481879      
51.445         1077.0         32.817678      
51.462         1075.0         32.787193      
51.479         1130.0         33.615473      
51.496         1082.0         32.893768      
51.513         1078.0         32.83291       
51.53          1081.0         32.878564      
51.547         1075.0         32.787193      
51.564         1110.0         33.316662      
51.581         1115.0         33.391616      
51.598         1089.0         33.0           
51.615         1098.0         33.136083      
51.632         1095.0         33.090784      
51.649         1112.0         33.346664      
51.666         1138.0         33.734256      
51.683         1128.0         33.585711      
51.7           1072.0         32.741411      
51.717         1055.0         32.480764      
51.734         1101.0         33.18132       
51.751         1123.0         33.511192      
51.768         1078.0         32.83291       
51.785         1087.0         32.969683      
51.802         1106.0         33.256578      
51.819         1119.0         33.451457      
51.836         1103.0         33.211444      
51.853         1118.0         33.436507      
51.87          1114.0         33.376639      
51.887         1106.0         33.256578      
51.904         1125.0         33.54102       
51.921         1115.0         33.391616      
51.938         1133.0         33.660065      
51.955         1158.0         34.029399      
51.972         1172.0         34.234486      
51.989         1161.0         34.07345       
52.006         1108.0         33.286634      
52.023         1095.0         33.090784      
52.04          1097.0         33.12099       
52.057         1117.0         33.42155       
52.074         1174.0         34.263683      
52.091         1150.0         33.91165       
52.108         1164.0         34.117444      
52.125         1205.0         34.71311       
52.142         1169.0         34.190642      
52.159         1153.0         33.955854      
52.176         1211.0         34.799425      
52.193         1186.0         34.438351      
52.21          1247.0         35.312887      
52.227         1215.0         34.85685       
52.244         1275.0         35.707142      
52.261         1304.0         36.11094       
52.278         1349.0         36.728735      
52.295         1375.0         37.080992      
52.312         1397.0         37.376463      
52.329         1450.0         38.078866      
52.346         1518.0         38.961519      
52.363         1535.0         39.179076      
52.38          1609.0         40.112342      
52.397         1742.0         41.737274      
52.414         1794.0         42.355637      
52.431         1958.0         44.249294      
52.448         1954.0         44.204072      
52.465         2072.0         45.519227      
52.482         2130.0         46.151923      
52.499         2191.0         46.808119      
52.516         2254.0         47.47631       
52.533         2258.0         47.518417      
52.55          2247.0         47.402532      
52.567         2200.0         46.904158      
52.584         2138.0         46.238512      
52.601         2146.0         46.324939      
52.618         2043.0         45.199558      
52.635         1959.0         44.260592      
52.652         1895.0         43.531598      
52.669         1778.0         42.166337      
52.686         1755.0         41.89272       
52.703         1672.0         40.890097      
52.72          1577.0         39.711459      
52.737         1520.0         38.987177      
52.754         1455.0         38.144462      
52.771         1385.0         37.215588      
52.788         1350.0         36.742346      
52.805         1310.0         36.193922      
52.822         1297.0         36.013886      
52.839         1271.0         35.651087      
52.856         1228.0         35.042831      
52.873         1203.0         34.68429       
52.89          1198.0         34.612137      
52.907         1179.0         34.336569      
52.924         1197.0         34.597688      
52.941         1172.0         34.234486      
52.958         1196.0         34.583233      
52.975         1190.0         34.496377      
52.992         1161.0         34.07345       
53.009         1163.0         34.102786      
53.026         1176.0         34.292856      
53.043         1171.0         34.219877      
53.06          1139.0         33.749074      
53.077         1142.0         33.79349       
53.094         1184.0         34.409301      
53.111         1170.0         34.205263      
53.128         1126.0         33.555923      
53.145         1102.0         33.196385      
53.162         1138.0         33.734256      
53.179         1136.0         33.704599      
53.196         1107.0         33.27161       
53.213         1123.0         33.511192      
53.23          1127.0         33.570821      
53.247         1119.0         33.451457      
53.264         1065.0         32.634338      
53.281         1118.0         33.436507      
53.298         1103.0         33.211444      
53.315         1106.0         33.256578      
53.332         1104.0         33.226495      
53.349         1159.0         34.044089      
53.366         1098.0         33.136083      
53.383         1141.0         33.778692      
53.4           1120.0         33.466401      
53.417         1133.0         33.660065      
53.434         1169.0         34.190642      
53.451         1076.0         32.802439      
53.468         1150.0         33.91165       
53.485         1131.0         33.630343      
53.502         1129.0         33.600595      
53.519         1126.0         33.555923      
53.536         1125.0         33.54102       
53.553         1158.0         34.029399      
53.57          1107.0         33.27161       
53.587         1128.0         33.585711      
53.604         1091.0         33.030289      
53.621         1154.0         33.970576      
53.638         1142.0         33.79349       
53.655         1153.0         33.955854      
53.672         1104.0         33.226495      
53.689         1111.0         33.331667      
53.706         1132.0         33.645208      
53.723         1162.0         34.088121      
53.74          1163.0         34.102786      
53.757         1167.0         34.161382      
53.774         1105.0         33.24154       
53.791         1088.0         32.984845      
53.808         1117.0         33.42155       
53.825         1091.0         33.030289      
53.842         1120.0         33.466401      
53.859         1163.0         34.102786      
53.876         1148.0         33.882149      
53.893         1110.0         33.316662      
53.91          1067.0         32.664966      
53.927         1073.0         32.756679      
53.944         1082.0         32.893768      
53.961         1119.0         33.451457      
53.978         1140.0         33.763886      
53.995         1150.0         33.91165       
54.012         1130.0         33.615473      
54.029         1115.0         33.391616      
54.046         1149.0         33.896903      
54.063         1164.0         34.117444      
54.08          1095.0         33.090784      
54.097         1113.0         33.361655      
54.114         1095.0         33.090784      
54.131         1139.0         33.749074      
54.148         1122.0         33.496268      
54.165         1133.0         33.660065      
54.182         1137.0         33.719431      
54.199         1162.0         34.088121      
54.216         1085.0         32.939338      
54.233         1123.0         33.511192      
54.25          1120.0         33.466401      
54.267         1153.0         33.955854      
54.284         1131.0         33.630343      
54.301         1133.0         33.660065      
54.318         1069.0         32.695565      
54.335         1067.0         32.664966      
54.352         1095.0         33.090784      
54.369         1179.0         34.336569      
54.386         1084.0         32.924155      
54.403         1101.0         33.18132       
54.42          1123.0         33.511192      
54.437         1098.0         33.136083      
54.454         1105.0         33.24154       
54.471         1090.0         33.015148      
54.488         1096.0         33.105891      
54.505         1150.0         33.91165       
54.522         1139.0         33.749074      
54.539         1103.0         33.211444      
54.556         1143.0         33.808283      
54.573         1100.0         33.166248      
54.59          1139.0         33.749074      
54.607         1198.0         34.612137      
54.624         1119.0         33.451457      
54.641         1162.0         34.088121      
54.658         1116.0         33.406586      
54.675         1124.0         33.526109      
54.692         1158.0         34.029399      
54.709         1127.0         33.570821      
54.726         1105.0         33.24154       
54.743         1121.0         33.481338      
54.76          1157.0         34.014703      
54.777         1127.0         33.570821      
54.794         1114.0         33.376639      
54.811         1142.0         33.79349       
54.828         1111.0         33.331667      
54.845         1068.0         32.680269      
54.862         1071.0         32.726136      
54.879         1121.0         33.481338      
54.896         1109.0         33.301652      
54.913         1144.0         33.823069      
54.93          1132.0         33.645208      
54.947         1127.0         33.570821      
54.964         1185.0         34.423829      
54.981         1179.0         34.336569      
54.998         1169.0         34.190642      
55.015         1147.0         33.867388      
55.032         1150.0         33.91165       
55.049         1117.0         33.42155       
55.066         1131.0         33.630343      
55.083         1108.0         33.286634      
55.1           1153.0         33.955854      
55.117         1119.0         33.451457      
55.134         1129.0         33.600595      
55.151         1090.0         33.015148      
55.168         1109.0         33.301652      
55.185         1059.0         32.54228       
55.202         1131.0         33.630343      
55.219         1143.0         33.808283      
55.236         1125.0         33.54102       
55.253         1174.0         34.263683      
55.27          1082.0         32.893768      
55.287         1120.0         33.466401      
55.304         1147.0         33.867388      
55.321         1146.0         33.852622      
55.338         1085.0         32.939338      
55.355         1081.0         32.878564      
55.372         1100.0         33.166248      
55.389         1160.0         34.058773      
55.406         1111.0         33.331667      
55.423         1131.0         33.630343      
55.44          1076.0         32.802439      
55.457         1086.0         32.954514      
55.474         1117.0         33.42155       
55.491         1068.0         32.680269      
55.508         1072.0         32.741411      
55.525         1110.0         33.316662      
55.542         1167.0         34.161382      
55.559         1140.0         33.763886      
55.576         1135.0         33.689761      
55.593         1171.0         34.219877      
55.61          1118.0         33.436507      
55.627         1036.0         32.186954      
55.644         1049.0         32.388269      
55.661         1079.0         32.848135      
55.678         1122.0         33.496268      
55.695         1112.0         33.346664      
55.712         1072.0         32.741411      
55.729         1104.0         33.226495      
55.746         1154.0         33.970576      
55.763         1132.0         33.645208      
55.78          1128.0         33.585711      
55.797         1126.0         33.555923      
55.814         1115.0         33.391616      
55.831         1123.0         33.511192      
55.848         1125.0         33.54102       
55.865         1086.0         32.954514      
55.882         1101.0         33.18132       
55.899         1103.0         33.211444      
55.916         1097.0         33.12099       
55.933         1109.0         33.301652      
55.95          1144.0         33.823069      
55.967         1115.0         33.391616      
55.984         1115.0         33.391616      
56.001         1133.0         33.660065      
56.018         1071.0         32.726136      
56.035         1097.0         33.12099       
56.052         1118.0         33.436507      
56.069         1133.0         33.660065      
56.086         1164.0         34.117444      
56.103         1097.0         33.12099       
56.12          1073.0         32.756679      
56.137         1095.0         33.090784      
56.154         1091.0         33.030289      
56.171         1135.0         33.689761      
56.188         1059.0         32.54228       
56.205         1035.0         32.171416      
56.222         1072.0         32.741411      
56.239         1063.0         32.603681      
56.256         1080.0         32.863353      
56.273         1123.0         33.511192      
56.29          1141.0         33.778692      
56.307         1056.0         32.496154      
56.324         1131.0         33.630343      
56.341         1068.0         32.680269      
56.358         1104.0         33.226495      
56.375         1114.0         33.376639      
56.392         1064.0         32.619013      
56.409         1070.0         32.710854      
56.426         1069.0         32.695565      
56.443         1081.0         32.878564      
56.46          1131.0         33.630343      
56.477         1074.0         32.771939      
56.494         1071.0         32.726136      
56.511         1091.0         33.030289      
56.528         1137.0         33.719431      
56.545         1108.0         33.286634      
56.562         1083.0         32.908965      
56.579         1106.0         33.256578      
56.596         1103.0         33.211444      
56.613         1090.0         33.015148      
56.63          1074.0         32.771939      
56.647         1069.0         32.695565      
56.664         1069.0         32.695565      
56.681         1098.0         33.136083      
56.698         1102.0         33.196385      
56.715         1093.0         33.060551      
56.732         1052.0         32.434549      
56.749         1056.0         32.496154      
56.766         1061.0         32.572995      
56.783         1086.0         32.954514      
56.8           1098.0         33.136083      
56.817         1123.0         33.511192      
56.834         1087.0         32.969683      
56.851         1076.0         32.802439      
56.868         1110.0         33.316662      
56.885         1078.0         32.83291       
56.902         1096.0         33.105891      
56.919         1086.0         32.954514      
56.936         1060.0         32.557641      
56.953         1040.0         32.249031      
56.97          1052.0         32.434549      
56.987         1094.0         33.075671      
57.004         1064.0         32.619013      
57.021         1040.0         32.249031      
57.038         1079.0         32.848135      
57.055         1093.0         33.060551      
57.072         1099.0         33.151169      
57.089         1113.0         33.361655      
57.106         1066.0         32.649655      
57.123         1091.0         33.030289      
57.14          1148.0         33.882149      
57.157         1080.0         32.863353      
57.174         1072.0         32.741411      
57.191         1051.0         32.41913       
57.208         1057.0         32.511536      
57.225         1093.0         33.060551      
57.242         1112.0         33.346664      
57.259         1041.0         32.264532      
57.276         1153.0         33.955854      
57.293         1045.0         32.32646       
57.31          1080.0         32.863353      
57.327         1061.0         32.572995      
57.344         1074.0         32.771939      
57.361         1102.0         33.196385      
57.378         1073.0         32.756679      
57.395         1053.0         32.449961      
57.412         1070.0         32.710854      
57.429         1055.0         32.480764      
57.446         1145.0         33.837849      
57.463         1107.0         33.27161       
57.48          1113.0         33.361655      
57.497         1079.0         32.848135      
57.514         1100.0         33.166248      
57.531         1101.0         33.18132       
57.548         1095.0         33.090784      
57.565         1023.0         31.984371      
57.582         1093.0         33.060551      
57.599         1091.0         33.030289      
57.616         1087.0         32.969683      
57.633         1086.0         32.954514      
57.65          1091.0         33.030289      
57.667         1105.0         33.24154       
57.684         1076.0         32.802439      
57.701         1093.0         33.060551      
57.718         1079.0         32.848135      
57.735         1057.0         32.511536      
57.752         1078.0         32.83291       
57.769         1079.0         32.848135      
57.786         1072.0         32.741411      
57.803         1095.0         33.090784      
57.82          1091.0         33.030289      
57.837         1082.0         32.893768      
57.854         1071.0         32.726136      
57.871         1058.0         32.526912      
57.888         1109.0         33.301652      
57.905         1119.0         33.451457      
57.922         1074.0         32.771939      
57.939         1091.0         33.030289      
57.956         1098.0         33.136083      
57.973         1106.0         33.256578      
57.99          1075.0         32.787193      
58.007         1044.0         32.310989      
58.024         1105.0         33.24154       
58.041         1089.0         33.0           
58.058         1074.0         32.771939      
58.075         1080.0         32.863353      
58.092         1068.0         32.680269      
58.109         1071.0         32.726136      
58.126         1049.0         32.388269      
58.143         1085.0         32.939338      
58.16          1101.0         33.18132       
58.177         1039.0         32.233523      
58.194         1144.0         33.823069      
58.211         1127.0         33.570821      
58.228         1073.0         32.756679      
58.245         1043.0         32.295511      
58.262         1070.0         32.710854      
58.279         1069.0         32.695565      
58.296         1095.0         33.090784      
58.313         1113.0         33.361655      
58.33          1043.0         32.295511      
58.347         1030.0         32.093613      
58.364         1089.0         33.0           
58.381         1078.0         32.83291       
58.398         1045.0         32.32646       
58.415         1075.0         32.787193      
58.432         1057.0         32.511536      
58.449         1075.0         32.787193      
58.466         1070.0         32.710854      
58.483         1090.0         33.015148      
58.5           1111.0         33.331667      
58.517         1110.0         33.316662      
58.534         1111.0         33.331667      
58.551         1084.0         32.924155      
58.568         1111.0         33.331667      
58.585         1105.0         33.24154       
58.602         1086.0         32.954514      
58.619         1093.0         33.060551      
58.636         1132.0         33.645208      
58.653         1154.0         33.970576      
58.67          1155.0         33.985291      
58.687         1171.0         34.219877      
58.704         1162.0         34.088121      
58.721         1180.0         34.351128      
58.738         1219.0         34.914181      
58.755         1238.0         35.185224      
58.772         1283.0         35.818989      
58.789         1229.0         35.057096      
58.806         1245.0         35.284558      
58.823         1295.0         35.986108      
58.84          1277.0         35.735137      
58.857         1259.0         35.48239       
58.874         1252.0         35.383612      
58.891         1212.0         34.81379       
58.908         1202.0         34.669872      
58.925         1242.0         35.24202       
58.942         1197.0         34.597688      
58.959         1144.0         33.823069      
58.976         1114.0         33.376639      
58.993         1084.0         32.924155      
59.01          1085.0         32.939338      
59.027         1105.0         33.24154       
59.044         1084.0         32.924155      
59.061         1142.0         33.79349       
59.078         1114.0         33.376639      
59.095         1118.0         33.436507      
59.112         1133.0         33.660065      
59.129         1118.0         33.436507      
59.146         1148.0         33.882149      
59.163         1110.0         33.316662      
59.18          1122.0         33.496268      
59.197         1080.0         32.863353      
59.214         1072.0         32.741411      
59.231         1067.0         32.664966      
59.248         1031.0         32.109189      
59.265         1024.0         32.0           
59.282         1082.0         32.893768      
59.299         1046.0         32.341923      
59.316         1116.0         33.406586      
59.333         1080.0         32.863353      
59.35          1090.0         33.015148      
59.367         1073.0         32.756679      
59.384         1061.0         32.572995      
59.401         1068.0         32.680269      
59.418         1084.0         32.924155      
59.435         1044.0         32.310989      
59.452         1113.0         33.361655      
59.469         1058.0         32.526912      
59.486         1049.0         32.388269      
59.503         1065.0         32.634338      
59.52          1076.0         32.802439      
59.537         1087.0         32.969683      
59.554         1111.0         33.331667      
59.571         1071.0         32.726136      
59.588         1053.0         32.449961      
59.605         1103.0         33.211444      
59.622         1083.0         32.908965      
59.639         1072.0         32.741411      
59.656         1069.0         32.695565      
59.673         1069.0         32.695565      
59.69          1043.0         32.295511      
59.707         1046.0         32.341923      
59.724         1068.0         32.680269      
59.741         1078.0         32.83291       
59.758         1043.0         32.295511      
59.775         1051.0         32.41913       
59.792         1072.0         32.741411      
59.809         1012.0         31.811947      
59.826         1004.0         31.685959      
59.843         1065.0         32.634338      
59.86          1086.0         32.954514      
59.877         1086.0         32.954514      
59.894         1098.0         33.136083      
59.911         1104.0         33.226495      
59.928         1071.0         32.726136      
59.945         1061.0         32.572995      
59.962         1093.0         33.060551      
59.979         1103.0         33.211444      
59.996         1045.0         32.32646       
60.013         1066.0         32.649655      
60.03          1065.0         32.634338      
60.047         1085.0         32.939338      
60.064         1056.0         32.496154      
60.081         1065.0         32.634338      
60.098         1076.0         32.802439      
60.115         1094.0         33.075671      
60.132         1038.0         32.218007      
60.149         1017.0         31.890437      
60.166         1057.0         32.511536      
60.183         1067.0         32.664966      
60.2           1047.0         32.357379      
60.217         1108.0         33.286634      
60.234         1072.0         32.741411      
60.251         1091.0         33.030289      
60.268         1061.0         32.572995      
60.285         1075.0         32.787193      
60.302         1134.0         33.674916      
60.319         1059.0         32.54228       
60.336         1102.0         33.196385      
60.353         1103.0         33.211444      
60.37          1102.0         33.196385      
60.387         1089.0         33.0           
60.404         1084.0         32.924155      
60.421         995.0          31.543621      
60.438         1020.0         31.937439      
60.455         1089.0         33.0           
60.472         1073.0         32.756679      
60.489         1048.0         32.372828      
60.506         1079.0         32.848135      
60.523         1082.0         32.893768      
60.54          1071.0         32.726136      
60.557         1120.0         33.466401      
60.574         1107.0         33.27161       
60.591         1118.0         33.436507      
60.608         1094.0         33.075671      
60.625         1049.0         32.388269      
60.642         1055.0         32.480764      
60.659         1070.0         32.710854      
60.676         1050.0         32.403703      
60.693         1047.0         32.357379      
60.71          1087.0         32.969683      
60.727         1124.0         33.526109      
60.744         1082.0         32.893768      
60.761         1078.0         32.83291       
60.778         1100.0         33.166248      
60.795         1106.0         33.256578      
60.812         1072.0         32.741411      
60.829         1083.0         32.908965      
60.846         1114.0         33.376639      
60.863         1053.0         32.449961      
60.88          1028.0         32.062439      
60.897         1035.0         32.171416      
60.914         1081.0         32.878564      
60.931         1083.0         32.908965      
60.948         1035.0         32.171416      
60.965         1053.0         32.449961      
60.982         1008.0         31.749016      
60.999         1040.0         32.249031      
61.016         1050.0         32.403703      
61.033         1089.0         33.0           
61.05          1090.0         33.015148      
61.067         1075.0         32.787193      
61.084         1092.0         33.045423      
61.101         1102.0         33.196385      
61.118         1023.0         31.984371      
61.135         1035.0         32.171416      
61.152         1179.0         34.336569      
61.169         1123.0         33.511192      
61.186         1174.0         34.263683      
61.203         1032.0         32.124757      
61.22          1060.0         32.557641      
61.237         1143.0         33.808283      
61.254         1100.0         33.166248      
61.271         1100.0         33.166248      
61.288         1073.0         32.756679      
61.305         1065.0         32.634338      
61.322         1088.0         32.984845      
61.339         1073.0         32.756679      
61.356         1090.0         33.015148      
61.373         1079.0         32.848135      
61.39          1052.0         32.434549      
61.407         1065.0         32.634338      
61.424         1098.0         33.136083      
61.441         1116.0         33.406586      
61.458         1061.0         32.572995      
61.475         1068.0         32.680269      
61.492         1084.0         32.924155      
61.509         1089.0         33.0           
61.526         1036.0         32.186954      
61.543         1077.0         32.817678      
61.56          1091.0         33.030289      
61.577         1121.0         33.481338      
61.594         1100.0         33.166248      
61.611         1062.0         32.588341      
61.628         1039.0         32.233523      
61.645         1038.0         32.218007      
61.662         1098.0         33.136083      
61.679         1095.0         33.090784      
61.696         1106.0         33.256578      
61.713         1091.0         33.030289      
61.73          1073.0         32.756679      
61.747         1070.0         32.710854      
61.764         1103.0         33.211444      
61.781         1109.0         33.301652      
61.798         1077.0         32.817678      
61.815         1070.0         32.710854      
61.832         1105.0         33.24154       
61.849         1117.0         33.42155       
61.866         1093.0         33.060551      
61.883         1113.0         33.361655      
61.9           1112.0         33.346664      
61.917         1087.0         32.969683      
61.934         1088.0         32.984845      
61.951         1041.0         32.264532      
61.968         1089.0         33.0           
61.985         1056.0         32.496154      
62.002         1037.0         32.202484      
62.019         1033.0         32.140317      
62.036         1068.0         32.680269      
62.053         1088.0         32.984845      
62.07          1074.0         32.771939      
62.087         1122.0         33.496268      
62.104         1069.0         32.695565      
62.121         1067.0         32.664966      
62.138         1103.0         33.211444      
62.155         1083.0         32.908965      
62.172         1067.0         32.664966      
62.189         1143.0         33.808283      
62.206         1028.0         32.062439      
62.223         1147.0         33.867388      
62.24          1112.0         33.346664      
62.257         1145.0         33.837849      
62.274         1088.0         32.984845      
62.291         1031.0         32.109189      
62.308         1074.0         32.771939      
62.325         1132.0         33.645208      
62.342         1100.0         33.166248      
62.359         1114.0         33.376639      
62.376         1167.0         34.161382      
62.393         1115.0         33.391616      
62.41          1132.0         33.645208      
62.427         1165.0         34.132096      
62.444         1120.0         33.466401      
62.461         1103.0         33.211444      
62.478         1204.0         34.698703      
62.495         1139.0         33.749074      
62.512         1256.0         35.44009       
62.529         1258.0         35.468296      
62.546         1243.0         35.256205      
62.563         1209.0         34.770677      
62.58          1265.0         35.566838      
62.597         1287.0         35.874782      
62.614         1352.0         36.769553      
62.631         1359.0         36.864617      
62.648         1421.0         37.696154      
62.665         1465.0         38.275318      
62.682         1524.0         39.038443      
62.699         1611.0         40.137264      
62.716         1648.0         40.595566      
62.733         1679.0         40.975602      
62.75          1727.0         41.55719       
62.767         1735.0         41.653331      
62.784         1678.0         40.963398      
62.801         1646.0         40.570926      
62.818         1648.0         40.595566      
62.835         1637.0         40.459857      
62.852         1555.0         39.433488      
62.869         1514.0         38.910153      
62.886         1504.0         38.781439      
62.903         1459.0         38.196859      
62.92          1448.0         38.052595      
62.937         1416.0         37.629775      
62.954         1398.0         37.389838      
62.971         1394.0         37.336309      
62.988         1328.0         36.441734      
63.005         1275.0         35.707142      
63.022         1221.0         34.94281       
63.039         1216.0         34.871192      
63.056         1241.0         35.22783       
63.073         1199.0         34.626579      
63.09          1184.0         34.409301      
63.107         1251.0         35.369478      
63.124         1194.0         34.554305      
63.141         1135.0         33.689761      
63.158         1216.0         34.871192      
63.175         1064.0         32.619013      
63.192         1143.0         33.808283      
63.209         1103.0         33.211444      
63.226         1123.0         33.511192      
63.243         1114.0         33.376639      
63.26          1128.0         33.585711      
63.277         1121.0         33.481338      
63.294         1101.0         33.18132       
63.311         1118.0         33.436507      
63.328         1144.0         33.823069      
63.345         1063.0         32.603681      
63.362         1110.0         33.316662      
63.379         1106.0         33.256578      
63.396         1152.0         33.941125      
63.413         1129.0         33.600595      
63.43          1150.0         33.91165       
63.447         1117.0         33.42155       
63.464         1107.0         33.27161       
63.481         1115.0         33.391616      
63.498         1138.0         33.734256      
63.515         1157.0         34.014703      
63.532         1167.0         34.161382      
63.549         1097.0         33.12099       
63.566         1108.0         33.286634      
63.583         1082.0         32.893768      
63.6           1090.0         33.015148      
63.617         1165.0         34.132096      
63.634         1110.0         33.316662      
63.651         1085.0         32.939338      
63.668         1125.0         33.54102       
63.685         1140.0         33.763886      
63.702         1099.0         33.151169      
63.719         1097.0         33.12099       
63.736         1116.0         33.406586      
63.753         1084.0         32.924155      
63.77          1099.0         33.151169      
63.787         1058.0         32.526912      
63.804         1044.0         32.310989      
63.821         1046.0         32.341923      
63.838         1100.0         33.166248      
63.855         1133.0         33.660065      
63.872         1123.0         33.511192      
63.889         1085.0         32.939338      
63.906         1111.0         33.331667      
63.923         1093.0         33.060551      
63.94          1061.0         32.572995      
63.957         1042.0         32.280025      
63.974         1070.0         32.710854      
63.991         1103.0         33.211444      
64.008         1077.0         32.817678      
64.025         1095.0         33.090784      
64.042         1077.0         32.817678      
64.059         1120.0         33.466401      
64.076         1083.0         32.908965      
64.093         1073.0         32.756679      
64.11          1093.0         33.060551      
64.127         1074.0         32.771939      
64.144         1113.0         33.361655      
64.161         1114.0         33.376639      
64.178         1050.0         32.403703      
64.195         1134.0         33.674916      
64.212         1113.0         33.361655      
64.229         1101.0         33.18132       
64.246         1081.0         32.878564      
64.263         1027.0         32.046841      
64.28          1089.0         33.0           
64.297         1073.0         32.756679      
64.314         1105.0         33.24154       
64.331         1101.0         33.18132       
64.348         1170.0         34.205263      
64.365         1123.0         33.511192      
64.382         1067.0         32.664966      
64.399         1068.0         32.680269      
64.416         1089.0         33.0           
64.433         1082.0         32.893768      
64.45          1120.0         33.466401      
64.467         1106.0         33.256578      
64.484         1139.0         33.749074      
64.501         1159.0         34.044089      
64.518         1162.0         34.088121      
64.535         1117.0         33.42155       
64.552         1138.0         33.734256      
64.569         1120.0         33.466401      
64.586         1119.0         33.451457      
64.603         1104.0         33.226495      
64.62          1088.0         32.984845      
64.637         1100.0         33.166248      
64.654         1124.0         33.526109      
64.671         1102.0         33.196385      
64.688         1123.0         33.511192      
64.705         1159.0         34.044089      
64.722         1147.0         33.867388      
64.739         1162.0         34.088121      
64.756         1177.0         34.307434      
64.773         1157.0         34.014703      
64.79          1173.0         34.249088      
64.807         1244.0         35.270384      
64.824         1267.0         35.594943      
64.841         1302.0         36.083237      
64.858         1325.0         36.400549      
64.875         1339.0         36.592349      
64.892         1392.0         37.309516      
64.909         1435.0         37.881394      
64.926         1471.0         38.353618      
64.943         1584.0         39.799497      
64.96          1663.0         40.779897      
64.977         1783.0         42.225585      
64.994         1879.0         43.347434      
65.011         1958.0         44.249294      
65.028         1952.0         44.181444      
65.045         1945.0         44.102154      
65.062         2020.0         44.94441       
65.079         1907.0         43.669211      
65.096         1816.0         42.614552      
65.113         1793.0         42.343831      
65.13          1708.0         41.327957      
65.147         1568.0         39.59798       
65.164         1498.0         38.704005      
65.181         1454.0         38.131352      
65.198         1404.0         37.469988      
65.215         1433.0         37.854986      
65.232         1279.0         35.763109      
65.249         1312.0         36.221541      
65.266         1282.0         35.805028      
65.283         1223.0         34.971417      
65.3           1234.0         35.128336      
65.317         1271.0         35.651087      
65.334         1191.0         34.510868      
65.351         1289.0         35.902646      
65.368         1194.0         34.554305      
65.385         1221.0         34.94281       
65.402         1208.0         34.756294      
65.419         1200.0         34.641016      
65.436         1199.0         34.626579      
65.453         1191.0         34.510868      
65.47          1299.0         36.041643      
65.487         1282.0         35.805028      
65.504         1262.0         35.524639      
65.521         1321.0         36.345564      
65.538         1391.0         37.296112      
65.555         1447.0         38.039453      
65.572         1450.0         38.078866      
65.589         1519.0         38.974351      
65.606         1574.0         39.673669      
65.623         1568.0         39.59798       
65.64          1514.0         38.910153      
65.657         1540.0         39.242834      
65.674         1515.0         38.923001      
65.691         1486.0         38.548671      
65.708         1503.0         38.768544      
65.725         1435.0         37.881394      
65.742         1394.0         37.336309      
65.759         1460.0         38.209946      
65.776         1451.0         38.091994      
65.793         1402.0         37.44329       
65.81          1389.0         37.26929       
65.827         1377.0         37.107951      
65.844         1290.0         35.91657       
65.861         1301.0         36.069378      
65.878         1337.0         36.565011      
65.895         1250.0         35.355339      
65.912         1216.0         34.871192      
65.929         1254.0         35.411862      
65.946         1192.0         34.525353      
65.963         1221.0         34.94281       
65.98          1186.0         34.438351      
65.997         1150.0         33.91165       
66.014         1130.0         33.615473      
66.031         1129.0         33.600595      
66.048         1109.0         33.301652      
66.065         1095.0         33.090784      
66.082         1096.0         33.105891      
66.099         1135.0         33.689761      
66.116         1107.0         33.27161       
66.133         1120.0         33.466401      
66.15          1086.0         32.954514      
66.167         1114.0         33.376639      
66.184         1100.0         33.166248      
66.201         1120.0         33.466401      
66.218         1133.0         33.660065      
66.235         1091.0         33.030289      
66.252         1178.0         34.322005      
66.269         1102.0         33.196385      
66.286         1077.0         32.817678      
66.303         1085.0         32.939338      
66.32          1138.0         33.734256      
66.337         1087.0         32.969683      
66.354         1111.0         33.331667      
66.371         1094.0         33.075671      
66.388         1095.0         33.090784      
66.405         1091.0         33.030289      
66.422         1131.0         33.630343      
66.439         1090.0         33.015148      
66.456         1099.0         33.151169      
66.473         1079.0         32.848135      
66.49          1053.0         32.449961      
66.507         1059.0         32.54228       
66.524         1101.0         33.18132       
66.541         1096.0         33.105891      
66.558         1097.0         33.12099       
66.575         1095.0         33.090784      
66.592         1089.0         33.0           
66.609         1080.0         32.863353      
66.626         1066.0         32.649655      
66.643         1080.0         32.863353      
66.66          1117.0         33.42155       
66.677         1121.0         33.481338      
66.694         1096.0         33.105891      
66.711         1099.0         33.151169      
66.728         1086.0         32.954514      
66.745         1080.0         32.863353      
66.762         1112.0         33.346664      
66.779         1125.0         33.54102       
66.796         1063.0         32.603681      
66.813         1019.0         31.921779      
66.83          1056.0         32.496154      
66.847         1085.0         32.939338      
66.864         1089.0         33.0           
66.881         1065.0         32.634338      
66.898         1096.0         33.105891      
66.915         1079.0         32.848135      
66.932         1093.0         33.060551      
66.949         1061.0         32.572995      
66.966         1044.0         32.310989      
66.983         1110.0         33.316662      
67.0           1119.0         33.451457      
67.017         1154.0         33.970576      
67.034         1137.0         33.719431      
67.051         1062.0         32.588341      
67.068         1082.0         32.893768      
67.085         1098.0         33.136083      
67.102         1061.0         32.572995      
67.119         1149.0         33.896903      
67.136         1094.0         33.075671      
67.153         1122.0         33.496268      
67.17          1068.0         32.680269      
67.187         1109.0         33.301652      
67.204         1073.0         32.756679      
67.221         1098.0         33.136083      
67.238         1103.0         33.211444      
67.255         1101.0         33.18132       
67.272         1058.0         32.526912      
67.289         1117.0         33.42155       
67.306         1129.0         33.600595      
67.323         1108.0         33.286634      
67.34          1099.0         33.151169      
67.357         1120.0         33.466401      
67.374         1125.0         33.54102       
67.391         1087.0         32.969683      
67.408         1060.0         32.557641      
67.425         1050.0         32.403703      
67.442         1089.0         33.0           
67.459         1154.0         33.970576      
67.476         1162.0         34.088121      
67.493         1104.0         33.226495      
67.51          1085.0         32.939338      
67.527         1090.0         33.015148      
67.544         1105.0         33.24154       
67.561         1109.0         33.301652      
67.578         1097.0         33.12099       
67.595         1091.0         33.030289      
67.612         1105.0         33.24154       
67.629         1085.0         32.939338      
67.646         1051.0         32.41913       
67.663         1055.0         32.480764      
67.68          1060.0         32.557641      
67.697         1076.0         32.802439      
67.714         1095.0         33.090784      
67.731         1098.0         33.136083      
67.748         1078.0         32.83291       
67.765         1075.0         32.787193      
67.782         1086.0         32.954514      
67.799         1055.0         32.480764      
67.816         1086.0         32.954514      
67.833         1108.0         33.286634      
67.85          1122.0         33.496268      
67.867         1088.0         32.984845      
67.884         1137.0         33.719431      
67.901         1128.0         33.585711      
67.918         1038.0         32.218007      
67.935         1077.0         32.817678      
67.952         1139.0         33.749074      
67.969         1069.0         32.695565      
67.986         1051.0         32.41913       
68.003         1079.0         32.848135      
68.02          1122.0         33.496268      
68.037         1145.0         33.837849      
68.054         1078.0         32.83291       
68.071         1074.0         32.771939      
68.088         1119.0         33.451457      
68.105         1101.0         33.18132       
68.122         1118.0         33.436507      
68.139         1085.0         32.939338      
68.156         1143.0         33.808283      
68.173         1134.0         33.674916      
68.19          1151.0         33.926391      
68.207         1075.0         32.787193      
68.224         1094.0         33.075671      
68.241         1087.0         32.969683      
68.258         1103.0         33.211444      
68.275         1143.0         33.808283      
68.292         1078.0         32.83291       
68.309         1141.0         33.778692      
68.326         1100.0         33.166248      
68.343         1077.0         32.817678      
68.36          1087.0         32.969683      
68.377         1100.0         33.166248      
68.394         1108.0         33.286634      
68.411         1124.0         33.526109      
68.428         1080.0         32.863353      
68.445         1106.0         33.256578      
68.462         1123.0         33.511192      
68.479         1101.0         33.18132       
68.496         1115.0         33.391616      
68.513         1103.0         33.211444      
68.53          1127.0         33.570821      
68.547         1167.0         34.161382      
68.564         1139.0         33.749074      
68.581         1113.0         33.361655      
68.598         1158.0         34.029399      
68.615         1135.0         33.689761      
68.632         1138.0         33.734256      
68.649         1161.0         34.07345       
68.666         1142.0         33.79349       
68.683         1128.0         33.585711      
68.7           1136.0         33.704599      
68.717         1157.0         34.014703      
68.734         1121.0         33.481338      
68.751         1167.0         34.161382      
68.768         1194.0         34.554305      
68.785         1200.0         34.641016      
68.802         1217.0         34.885527      
68.819         1238.0         35.185224      
68.836         1228.0         35.042831      
68.853         1257.0         35.454196      
68.87          1312.0         36.221541      
68.887         1368.0         36.986484      
68.904         1349.0         36.728735      
68.921         1424.0         37.735925      
68.938         1528.0         39.089641      
68.955         1574.0         39.673669      
68.972         1618.0         40.224371      
68.989         1618.0         40.224371      
69.006         1750.0         41.833001      
69.023         1726.0         41.545156      
69.04          1798.0         42.40283       
69.057         1787.0         42.272923      
69.074         1836.0         42.848571      
69.091         1850.0         43.011626      
69.108         1817.0         42.626283      
69.125         1825.0         42.720019      
69.142         1718.0         41.448764      
69.159         1730.0         41.593269      
69.176         1726.0         41.545156      
69.193         1585.0         39.812058      
69.21          1568.0         39.59798       
69.227         1547.0         39.331921      
69.244         1489.0         38.587563      
69.261         1477.0         38.431758      
69.278         1478.0         38.444766      
69.295         1370.0         37.013511      
69.312         1318.0         36.30427       
69.329         1342.0         36.633318      
69.346         1339.0         36.592349      
69.363         1255.0         35.425979      
69.38          1278.0         35.749126      
69.397         1252.0         35.383612      
69.414         1198.0         34.612137      
69.431         1221.0         34.94281       
69.448         1241.0         35.22783       
69.465         1175.0         34.278273      
69.482         1178.0         34.322005      
69.499         1171.0         34.219877      
69.516         1159.0         34.044089      
69.533         1172.0         34.234486      
69.55          1189.0         34.481879      
69.567         1193.0         34.539832      
69.584         1225.0         35.0           
69.601         1193.0         34.539832      
69.618         1197.0         34.597688      
69.635         1227.0         35.02856       
69.652         1217.0         34.885527      
69.669         1160.0         34.058773      
69.686         1168.0         34.176015      
69.703         1232.0         35.099858      
69.72          1210.0         34.785054      
69.737         1233.0         35.1141        
69.754         1197.0         34.597688      
69.771         1234.0         35.128336      
69.788         1303.0         36.097091      
69.805         1324.0         36.386811      
69.822         1289.0         35.902646      
69.839         1323.0         36.373067      
69.856         1299.0         36.041643      
69.873         1383.0         37.188708      
69.89          1396.0         37.363083      
69.907         1466.0         38.288379      
69.924         1490.0         38.600518      
69.941         1521.0         39.0           
69.958         1598.0         39.974992      
69.975         1579.0         39.736633      
69.992         1690.0         41.10961       
70.009         1769.0         42.059482      
70.026         1845.0         42.953463      
70.043         2015.0         44.888751      
70.06          2087.0         45.683695      
70.077         2166.0         46.540305      
70.094         2253.0         47.465777      
70.111         2350.0         48.476799      
70.128         2351.0         48.487112      
70.145         2323.0         48.19751       
70.162         2506.0         50.059964      
70.179         2641.0         51.390661      
70.196         2586.0         50.852729      
70.213         2489.0         49.889879      
70.23          2406.0         49.050994      
70.247         2445.0         49.446941      
70.264         2383.0         48.815981      
70.281         2330.0         48.270074      
70.298         2313.0         48.093659      
70.315         2297.0         47.927028      
70.332         2233.0         47.254629      
70.349         2093.0         45.749317      
70.366         2073.0         45.53021       
70.383         1982.0         44.519659      
70.4           1856.0         43.081318      
70.417         1807.0         42.508823      
70.434         1766.0         42.023803      
70.451         1658.0         40.718546      
70.468         1605.0         40.062451      
70.485         1527.0         39.076847      
70.502         1466.0         38.288379      
70.519         1454.0         38.131352      
70.536         1434.0         37.868192      
70.553         1391.0         37.296112      
70.57          1338.0         36.578682      
70.587         1342.0         36.633318      
70.604         1329.0         36.455452      
70.621         1254.0         35.411862      
70.638         1181.0         34.365681      
70.655         1195.0         34.568772      
70.672         1199.0         34.626579      
70.689         1191.0         34.510868      
70.706         1213.0         34.82815       
70.723         1192.0         34.525353      
70.74          1200.0         34.641016      
70.757         1202.0         34.669872      
70.774         1217.0         34.885527      
70.791         1203.0         34.68429       
70.808         1173.0         34.249088      
70.825         1155.0         33.985291      
70.842         1123.0         33.511192      
70.859         1114.0         33.376639      
70.876         1119.0         33.451457      
70.893         1154.0         33.970576      
70.91          1174.0         34.263683      
70.927         1146.0         33.852622      
70.944         1129.0         33.600595      
70.961         1105.0         33.24154       
70.978         1106.0         33.256578      
70.995         1085.0         32.939338      
71.012         1170.0         34.205263      
71.029         1069.0         32.695565      
71.046         1141.0         33.778692      
71.063         1106.0         33.256578      
71.08          1115.0         33.391616      
71.097         1138.0         33.734256      
71.114         1143.0         33.808283      
71.131         1119.0         33.451457      
71.148         1105.0         33.24154       
71.165         1142.0         33.79349       
71.182         1125.0         33.54102       
71.199         1096.0         33.105891      
71.216         1095.0         33.090784      
71.233         1073.0         32.756679      
71.25          1088.0         32.984845      
71.267         1090.0         33.015148      
71.284         1043.0         32.295511      
71.301         1049.0         32.388269      
71.318         1111.0         33.331667      
71.335         1084.0         32.924155      
71.352         1071.0         32.726136      
71.369         1093.0         33.060551      
71.386         1064.0         32.619013      
71.403         1072.0         32.741411      
71.42          1096.0         33.105891      
71.437         1073.0         32.756679      
71.454         1101.0         33.18132       
71.471         1107.0         33.27161       
71.488         1108.0         33.286634      
71.505         1132.0         33.645208      
71.522         1085.0         32.939338      
71.539         1076.0         32.802439      
71.556         1089.0         33.0           
71.573         1125.0         33.54102       
71.59          1091.0         33.030289      
71.607         1062.0         32.588341      
71.624         1131.0         33.630343      
71.641         1147.0         33.867388      
71.658         1119.0         33.451457      
71.675         1074.0         32.771939      
71.692         1100.0         33.166248      
71.709         1083.0         32.908965      
71.726         1067.0         32.664966      
71.743         1114.0         33.376639      
71.76          1082.0         32.893768      
71.777         1043.0         32.295511      
71.794         1089.0         33.0           
71.811         1100.0         33.166248      
71.828         1090.0         33.015148      
71.845         1077.0         32.817678      
71.862         1070.0         32.710854      
71.879         1078.0         32.83291       
71.896         1091.0         33.030289      
71.913         1067.0         32.664966      
71.93          1070.0         32.710854      
71.947         1126.0         33.555923      
71.964         1105.0         33.24154       
71.981         1099.0         33.151169      
71.998         1102.0         33.196385      
72.015         1139.0         33.749074      
72.032         1128.0         33.585711      
72.049         1104.0         33.226495      
72.066         1100.0         33.166248      
72.083         1072.0         32.741411      
72.1           1001.0         31.638584      
72.117         1092.0         33.045423      
72.134         1068.0         32.680269      
72.151         1099.0         33.151169      
72.168         1061.0         32.572995      
72.185         1150.0         33.91165       
72.202         1188.0         34.467376      
72.219         1141.0         33.778692      
72.236         1124.0         33.526109      
72.253         1112.0         33.346664      
72.27          1147.0         33.867388      
72.287         1185.0         34.423829      
72.304         1177.0         34.307434      
72.321         1186.0         34.438351      
72.338         1187.0         34.452866      
72.355         1145.0         33.837849      
72.372         1145.0         33.837849      
72.389         1219.0         34.914181      
72.406         1239.0         35.199432      
72.423         1226.0         35.014283      
72.44          1210.0         34.785054      
72.457         1236.0         35.156792      
72.474         1276.0         35.721142      
72.491         1260.0         35.496479      
72.508         1250.0         35.355339      
72.525         1322.0         36.359318      
72.542         1349.0         36.728735      
72.559         1357.0         36.837481      
72.576         1438.0         37.92097       
72.593         1468.0         38.314488      
72.61          1536.0         39.191836      
72.627         1622.0         40.274061      
72.644         1772.0         42.09513       
72.661         1851.0         43.02325       
72.678         2010.0         44.833024      
72.695         2268.0         47.623524      
72.712         2423.0         49.223978      
72.729         2533.0         50.328918      
72.746         2714.0         52.096065      
72.763         2848.0         53.366656      
72.78          3001.0         54.781384      
72.797         3012.0         54.881691      
72.814         2907.0         53.916602      
72.831         2865.0         53.525695      
72.848         2746.0         52.40229       
72.865         2711.0         52.067264      
72.882         2634.0         51.32251       
72.899         2516.0         50.159745      
72.916         2507.0         50.069951      
72.933         2311.0         48.072861      
72.95          2278.0         47.728398      
72.967         2247.0         47.402532      
72.984         2120.0         46.043458      
73.001         2052.0         45.299007      
73.018         1971.0         44.395946      
73.035         1880.0         43.358967      
73.052         1782.0         42.213742      
73.069         1657.0         40.706265      
73.086         1671.0         40.877867      
73.103         1560.0         39.496835      
73.12          1382.0         37.175261      
73.137         1331.0         36.482873      
73.154         1270.0         35.637059      
73.171         1238.0         35.185224      
73.188         1239.0         35.199432      
73.205         1243.0         35.256205      
73.222         1166.0         34.146742      
73.239         1183.0         34.394767      
73.256         1190.0         34.496377      
73.273         1196.0         34.583233      
73.29          1149.0         33.896903      
73.307         1139.0         33.749074      
73.324         1124.0         33.526109      
73.341         1120.0         33.466401      
73.358         1160.0         34.058773      
73.375         1132.0         33.645208      
73.392         1106.0         33.256578      
73.409         1108.0         33.286634      
73.426         1135.0         33.689761      
73.443         1148.0         33.882149      
73.46          1133.0         33.660065      
73.477         1115.0         33.391616      
73.494         1078.0         32.83291       
73.511         1094.0         33.075671      
73.528         1116.0         33.406586      
73.545         1094.0         33.075671      
73.562         1093.0         33.060551      
73.579         1082.0         32.893768      
73.596         1092.0         33.045423      
73.613         1088.0         32.984845      
73.63          1090.0         33.015148      
73.647         1105.0         33.24154       
73.664         1107.0         33.27161       
73.681         1092.0         33.045423      
73.698         1101.0         33.18132       
73.715         1101.0         33.18132       
73.732         1094.0         33.075671      
73.749         1050.0         32.403703      
73.766         1094.0         33.075671      
73.783         1102.0         33.196385      
73.8           1079.0         32.848135      
73.817         1129.0         33.600595      
73.834         1145.0         33.837849      
73.851         1130.0         33.615473      
73.868         1169.0         34.190642      
73.885         1099.0         33.151169      
73.902         1091.0         33.030289      
73.919         1162.0         34.088121      
73.936         1081.0         32.878564      
73.953         1109.0         33.301652      
73.97          1111.0         33.331667      
73.987         1079.0         32.848135      
74.004         1003.0         31.670175      
74.021         1126.0         33.555923      
74.038         1038.0         32.218007      
74.055         1107.0         33.27161       
74.072         1088.0         32.984845      
74.089         1087.0         32.969683      
74.106         1102.0         33.196385      
74.123         1036.0         32.186954      
74.14          1129.0         33.600595      
74.157         1089.0         33.0           
74.174         1099.0         33.151169      
74.191         1073.0         32.756679      
74.208         1094.0         33.075671      
74.225         1086.0         32.954514      
74.242         1068.0         32.680269      
74.259         1045.0         32.32646       
74.276         1054.0         32.465366      
74.293         1062.0         32.588341      
74.31          1096.0         33.105891      
74.327         1102.0         33.196385      
74.344         1104.0         33.226495      
74.361         1090.0         33.015148      
74.378         1081.0         32.878564      
74.395         1046.0         32.341923      
74.412         1076.0         32.802439      
74.429         1102.0         33.196385      
74.446         1116.0         33.406586      
74.463         1110.0         33.316662      
74.48          1088.0         32.984845      
74.497         1073.0         32.756679      
74.514         1058.0         32.526912      
74.531         1076.0         32.802439      
74.548         1100.0         33.166248      
74.565         1088.0         32.984845      
74.582         1059.0         32.54228       
74.599         1082.0         32.893768      
74.616         1099.0         33.151169      
74.633         1117.0         33.42155       
74.65          1102.0         33.196385      
74.667         1071.0         32.726136      
74.684         1069.0         32.695565      
74.701         1030.0         32.093613      
74.718         1059.0         32.54228       
74.735         1083.0         32.908965      
74.752         1044.0         32.310989      
74.769         1037.0         32.202484      
74.786         1091.0         33.030289      
74.803         1079.0         32.848135      
74.82          1106.0         33.256578      
74.837         1058.0         32.526912      
74.854         1092.0         33.045423      
74.871         1063.0         32.603681      
74.888         1099.0         33.151169      
74.905         1096.0         33.105891      
74.922         1079.0         32.848135      
74.939         1093.0         33.060551      
74.956         1078.0         32.83291       
74.973         1080.0         32.863353      
74.99          1011.0         31.796226      
75.007         1094.0         33.075671      
75.024         1082.0         32.893768      
75.041         1069.0         32.695565      
75.058         1088.0         32.984845      
75.075         1098.0         33.136083      
75.092         1098.0         33.136083      
75.109         1109.0         33.301652      
75.126         1102.0         33.196385      
75.143         1065.0         32.634338      
75.16          1059.0         32.54228       
75.177         1077.0         32.817678      
75.194         1125.0         33.54102       
75.211         1045.0         32.32646       
75.228         1055.0         32.480764      
75.245         1074.0         32.771939      
75.262         1079.0         32.848135      
75.279         1092.0         33.045423      
75.296         1075.0         32.787193      
75.313         1065.0         32.634338      
75.33          1049.0         32.388269      
75.347         1038.0         32.218007      
75.364         1102.0         33.196385      
75.381         1116.0         33.406586      
75.398         1074.0         32.771939      
75.415         1098.0         33.136083      
75.432         1095.0         33.090784      
75.449         1078.0         32.83291       
75.466         1084.0         32.924155      
75.483         1080.0         32.863353      
75.5           1061.0         32.572995      
75.517         1055.0         32.480764      
75.534         1067.0         32.664966      
75.551         1082.0         32.893768      
75.568         1067.0         32.664966      
75.585         1043.0         32.295511      
75.602         1062.0         32.588341      
75.619         1076.0         32.802439      
75.636         1053.0         32.449961      
75.653         1055.0         32.480764      
75.67          1078.0         32.83291       
75.687         1115.0         33.391616      
75.704         1099.0         33.151169      
75.721         1057.0         32.511536      
75.738         1037.0         32.202484      
75.755         1079.0         32.848135      
75.772         1038.0         32.218007      
75.789         1087.0         32.969683      
75.806         1087.0         32.969683      
75.823         1040.0         32.249031      
75.84          1121.0         33.481338      
75.857         1113.0         33.361655      
75.874         1127.0         33.570821      
75.891         1111.0         33.331667      
75.908         1127.0         33.570821      
75.925         1049.0         32.388269      
75.942         1086.0         32.954514      
75.959         1086.0         32.954514      
75.976         1040.0         32.249031      
75.993         1043.0         32.295511      
76.01          1070.0         32.710854      
76.027         1058.0         32.526912      
76.044         1066.0         32.649655      
76.061         1118.0         33.436507      
76.078         1106.0         33.256578      
76.095         1090.0         33.015148      
76.112         1038.0         32.218007      
76.129         1102.0         33.196385      
76.146         1091.0         33.030289      
76.163         1083.0         32.908965      
76.18          1032.0         32.124757      
76.197         1065.0         32.634338      
76.214         1060.0         32.557641      
76.231         1061.0         32.572995      
76.248         1091.0         33.030289      
76.265         1096.0         33.105891      
76.282         1097.0         33.12099       
76.299         1104.0         33.226495      
76.316         1096.0         33.105891      
76.333         1115.0         33.391616      
76.35          1050.0         32.403703      
76.367         1043.0         32.295511      
76.384         1078.0         32.83291       
76.401         1074.0         32.771939      
76.418         1080.0         32.863353      
76.435         1064.0         32.619013      
76.452         1076.0         32.802439      
76.469         1084.0         32.924155      
76.486         1057.0         32.511536      
76.503         1072.0         32.741411      
76.52          1059.0         32.54228       
76.537         1027.0         32.046841      
76.554         1019.0         31.921779      
76.571         1070.0         32.710854      
76.588         1094.0         33.075671      
76.605         1084.0         32.924155      
76.622         1091.0         33.030289      
76.639         1089.0         33.0           
76.656         1093.0         33.060551      
76.673         1086.0         32.954514      
76.69          1093.0         33.060551      
76.707         1071.0         32.726136      
76.724         1082.0         32.893768      
76.741         1102.0         33.196385      
76.758         1079.0         32.848135      
76.775         1085.0         32.939338      
76.792         1085.0         32.939338      
76.809         1115.0         33.391616      
76.826         1085.0         32.939338      
76.843         1175.0         34.278273      
76.86          1124.0         33.526109      
76.877         1102.0         33.196385      
76.894         1102.0         33.196385      
76.911         1144.0         33.823069      
76.928         1198.0         34.612137      
76.945         1183.0         34.394767      
76.962         1139.0         33.749074      
76.979         1143.0         33.808283      
76.996         1177.0         34.307434      
77.013         1101.0         33.18132       
77.03          1187.0         34.452866      
77.047         1131.0         33.630343      
77.064         1211.0         34.799425      
77.081         1176.0         34.292856      
77.098         1247.0         35.312887      
77.115         1187.0         34.452866      
77.132         1192.0         34.525353      
77.149         1330.0         36.469165      
77.166         1272.0         35.665109      
77.183         1353.0         36.783148      
77.2           1382.0         37.175261      
77.217         1384.0         37.20215       
77.234         1497.0         38.691084      
77.251         1474.0         38.392708      
77.268         1495.0         38.66523       
77.285         1647.0         40.583248      
77.302         1729.0         41.581246      
77.319         1856.0         43.081318      
77.336         1881.0         43.370497      
77.353         1976.0         44.452222      
77.37          2071.0         45.508241      
77.387         2207.0         46.978719      
77.404         2372.0         48.703183      
77.421         2538.0         50.378567      
77.438         2559.0         50.586559      
77.455         2610.0         51.088159      
77.472         2714.0         52.096065      
77.489         2726.0         52.21111       
77.506         2710.0         52.05766       
77.523         2745.0         52.392748      
77.54          2677.0         51.739733      
77.557         2592.0         50.911688      
77.574         2575.0         50.744458      
77.591         2519.0         50.18964       
77.608         2496.0         49.959984      
77.625         2369.0         48.672374      
77.642         2314.0         48.104054      
77.659         2318.0         48.145612      
77.676         2261.0         47.549974      
77.693         2249.0         47.423623      
77.71          2136.0         46.21688       
77.727         1943.0         44.079474      
77.744         1925.0         43.874822      
77.761         1823.0         42.696604      
77.778         1755.0         41.89272       
77.795         1687.0         41.073106      
77.812         1581.0         39.761791      
77.829         1571.0         39.635842      
77.846         1517.0         38.948684      
77.863         1486.0         38.548671      
77.88          1419.0         37.669616      
77.897         1371.0         37.027017      
77.914         1375.0         37.080992      
77.931         1370.0         37.013511      
77.948         1281.0         35.79106       
77.965         1416.0         37.629775      
77.982         1322.0         36.359318      
77.999         1357.0         36.837481      
78.016         1305.0         36.124784      
78.033         1237.0         35.171011      
78.05          1198.0         34.612137      
78.067         1327.0         36.428011      
78.084         1318.0         36.30427       
78.101         1405.0         37.48333       
78.118         1345.0         36.674242      
78.135         1318.0         36.30427       
78.152         1306.0         36.138622      
78.169         1228.0         35.042831      
78.186         1322.0         36.359318      
78.203         1305.0         36.124784      
78.22          1295.0         35.986108      
78.237         1256.0         35.44009       
78.254         1210.0         34.785054      
78.271         1242.0         35.24202       
78.288         1240.0         35.213634      
78.305         1190.0         34.496377      
78.322         1161.0         34.07345       
78.339         1197.0         34.597688      
78.356         1173.0         34.249088      
78.373         1136.0         33.704599      
78.39          1113.0         33.361655      
78.407         1137.0         33.719431      
78.424         1142.0         33.79349       
78.441         1131.0         33.630343      
78.458         1100.0         33.166248      
78.475         1109.0         33.301652      
78.492         1111.0         33.331667      
78.509         1134.0         33.674916      
78.526         1099.0         33.151169      
78.543         1075.0         32.787193      
78.56          1091.0         33.030289      
78.577         1102.0         33.196385      
78.594         1131.0         33.630343      
78.611         1095.0         33.090784      
78.628         1121.0         33.481338      
78.645         1115.0         33.391616      
78.662         1088.0         32.984845      
78.679         1127.0         33.570821      
78.696         1117.0         33.42155       
78.713         1119.0         33.451457      
78.73          1119.0         33.451457      
78.747         1137.0         33.719431      
78.764         1101.0         33.18132       
78.781         1074.0         32.771939      
78.798         1113.0         33.361655      
78.815         1113.0         33.361655      
78.832         1100.0         33.166248      
78.849         1089.0         33.0           
78.866         1087.0         32.969683      
78.883         1114.0         33.376639      
78.9           1109.0         33.301652      
78.917         1140.0         33.763886      
78.934         1059.0         32.54228       
78.951         1129.0         33.600595      
78.968         1076.0         32.802439      
78.985         1090.0         33.015148      
79.002         1044.0         32.310989      
79.019         1110.0         33.316662      
79.036         1092.0         33.045423      
79.053         1088.0         32.984845      
79.07          1056.0         32.496154      
79.087         1118.0         33.436507      
79.104         1097.0         33.12099       
79.121         1081.0         32.878564      
79.138         1041.0         32.264532      
79.155         1041.0         32.264532      
79.172         1086.0         32.954514      
79.189         1100.0         33.166248      
79.206         1065.0         32.634338      
79.223         1063.0         32.603681      
79.24          1108.0         33.286634      
79.257         1054.0         32.465366      
79.274         1066.0         32.649655      
79.291         1075.0         32.787193      
79.308         1040.0         32.249031      
79.325         1042.0         32.280025      
79.342         1025.0         32.015621      
79.359         1079.0         32.848135      
79.376         1066.0         32.649655      
79.393         1068.0         32.680269      
79.41          1075.0         32.787193      
79.427         1068.0         32.680269      
79.444         1070.0         32.710854      
79.461         1082.0         32.893768      
79.478         1087.0         32.969683      
79.495         1084.0         32.924155      
79.512         1078.0         32.83291       
79.529         1074.0         32.771939      
79.546         1055.0         32.480764      
79.563         1050.0         32.403703      
79.58          1061.0         32.572995      
79.597         1077.0         32.817678      
79.614         1066.0         32.649655      
79.631         1058.0         32.526912      
79.648         1073.0         32.756679      
79.665         1097.0         33.12099       
79.682         1066.0         32.649655      
79.699         1086.0         32.954514      
79.716         1030.0         32.093613      
79.733         1036.0         32.186954      
79.75          1032.0         32.124757      
79.767         1066.0         32.649655      
79.784         1080.0         32.863353      
79.801         1025.0         32.015621      
79.818         1068.0         32.680269      
79.835         1010.0         31.780497      
79.852         1076.0         32.802439      
79.869         1025.0         32.015621      
79.886         1043.0         32.295511      
79.903         1071.0         32.726136      
79.92          1055.0         32.480764      
79.937         1073.0         32.756679      
79.954         1083.0         32.908965      
79.971         1067.0         32.664966      
79.988         1061.0         32.572995      
80.005         1084.0         32.924155      
80.022         1099.0         33.151169      
80.039         1068.0         32.680269      
80.056         1109.0         33.301652      
80.073         1093.0         33.060551      
80.09          1109.0         33.301652      
80.107         1102.0         33.196385      
80.124         1077.0         32.817678      
80.141         1078.0         32.83291       
80.158         1072.0         32.741411      
80.175         1125.0         33.54102       
80.192         1085.0         32.939338      
80.209         1073.0         32.756679      
80.226         1050.0         32.403703      
80.243         1075.0         32.787193      
80.26          1083.0         32.908965      
80.277         1060.0         32.557641      
80.294         1072.0         32.741411      
80.311         1084.0         32.924155      
80.328         1059.0         32.54228       
80.345         1073.0         32.756679      
80.362         1046.0         32.341923      
80.379         1045.0         32.32646       
80.396         1069.0         32.695565      
80.413         1071.0         32.726136      
80.43          1089.0         33.0           
80.447         1053.0         32.449961      
80.464         1046.0         32.341923      
80.481         1054.0         32.465366      
80.498         1056.0         32.496154      
80.515         1053.0         32.449961      
80.532         1058.0         32.526912      
80.549         1075.0         32.787193      
80.566         1084.0         32.924155      
80.583         1076.0         32.802439      
80.6           1041.0         32.264532      
80.617         1038.0         32.218007      
80.634         1049.0         32.388269      
80.651         1026.0         32.031235      
80.668         1069.0         32.695565      
80.685         1051.0         32.41913       
80.702         1102.0         33.196385      
80.719         1099.0         33.151169      
80.736         1088.0         32.984845      
80.753         1108.0         33.286634      
80.77          1121.0         33.481338      
80.787         1126.0         33.555923      
80.804         1052.0         32.434549      
80.821         1078.0         32.83291       
80.838         1101.0         33.18132       
80.855         1054.0         32.465366      
80.872         1151.0         33.926391      
80.889         1088.0         32.984845      
80.906         1098.0         33.136083      
80.923         1090.0         33.015148      
80.94          1031.0         32.109189      
80.957         1075.0         32.787193      
80.974         1086.0         32.954514      
80.991         1118.0         33.436507      
81.008         1037.0         32.202484      
81.025         1057.0         32.511536      
81.042         1030.0         32.093613      
81.059         1052.0         32.434549      
81.076         1072.0         32.741411      
81.093         1065.0         32.634338      
81.11          1040.0         32.249031      
81.127         1054.0         32.465366      
81.144         1049.0         32.388269      
81.161         1079.0         32.848135      
81.178         1095.0         33.090784      
81.195         1059.0         32.54228       
81.212         1093.0         33.060551      
81.229         1072.0         32.741411      
81.246         1061.0         32.572995      
81.263         1068.0         32.680269      
81.28          1064.0         32.619013      
81.297         1083.0         32.908965      
81.314         1062.0         32.588341      
81.331         1048.0         32.372828      
81.348         1043.0         32.295511      
81.365         1053.0         32.449961      
81.382         1068.0         32.680269      
81.399         1086.0         32.954514      
81.416         1081.0         32.878564      
81.433         1067.0         32.664966      
81.45          1047.0         32.357379      
81.467         1068.0         32.680269      
81.484         1108.0         33.286634      
81.501         1121.0         33.481338      
81.518         1126.0         33.555923      
81.535         1099.0         33.151169      
81.552         1081.0         32.878564      
81.569         1105.0         33.24154       
81.586         1124.0         33.526109      
81.603         1110.0         33.316662      
81.62          1089.0         33.0           
81.637         1083.0         32.908965      
81.654         1167.0         34.161382      
81.671         1146.0         33.852622      
81.688         1135.0         33.689761      
81.705         1097.0         33.12099       
81.722         1133.0         33.660065      
81.739         1125.0         33.54102       
81.756         1123.0         33.511192      
81.773         1106.0         33.256578      
81.79          1131.0         33.630343      
81.807         1156.0         34.0           
81.824         1159.0         34.044089      
81.841         1104.0         33.226495      
81.858         1128.0         33.585711      
81.875         1148.0         33.882149      
81.892         1155.0         33.985291      
81.909         1139.0         33.749074      
81.926         1178.0         34.322005      
81.943         1101.0         33.18132       
81.96          1162.0         34.088121      
81.977         1155.0         33.985291      
81.994         1171.0         34.219877      
82.011         1216.0         34.871192      
82.028         1173.0         34.249088      
82.045         1122.0         33.496268      
82.062         1228.0         35.042831      
82.079         1245.0         35.284558      
82.096         1162.0         34.088121      
82.113         1218.0         34.899857      
82.13          1233.0         35.1141        
82.147         1271.0         35.651087      
82.164         1211.0         34.799425      
82.181         1220.0         34.928498      
82.198         1241.0         35.22783       
82.215         1226.0         35.014283      
82.232         1257.0         35.454196      
82.249         1332.0         36.496575      
82.266         1324.0         36.386811      
82.283         1291.0         35.930488      
82.3           1332.0         36.496575      
82.317         1330.0         36.469165      
82.334         1338.0         36.578682      
82.351         1323.0         36.373067      
82.368         1345.0         36.674242      
82.385         1354.0         36.796739      
82.402         1320.0         36.331804      
82.419         1305.0         36.124784      
82.436         1311.0         36.207734      
82.453         1288.0         35.888717      
82.47          1219.0         34.914181      
82.487         1206.0         34.727511      
82.504         1242.0         35.24202       
82.521         1212.0         34.81379       
82.538         1159.0         34.044089      
82.555         1158.0         34.029399      
82.572         1152.0         33.941125      
82.589         1135.0         33.689761      
82.606         1153.0         33.955854      
82.623         1198.0         34.612137      
82.64          1186.0         34.438351      
82.657         1152.0         33.941125      
82.674         1107.0         33.27161       
82.691         1100.0         33.166248      
82.708         1081.0         32.878564      
82.725         1128.0         33.585711      
82.742         1120.0         33.466401      
82.759         1093.0         33.060551      
82.776         1126.0         33.555923      
82.793         1160.0         34.058773      
82.81          1135.0         33.689761      
82.827         1078.0         32.83291       
82.844         1108.0         33.286634      
82.861         1086.0         32.954514      
82.878         1090.0         33.015148      
82.895         1134.0         33.674916      
82.912         1086.0         32.954514      
82.929         1113.0         33.361655      
82.946         1059.0         32.54228       
82.963         1112.0         33.346664      
82.98          1084.0         32.924155      
82.997         1068.0         32.680269      
83.014         1043.0         32.295511      
83.031         1106.0         33.256578      
83.048         1136.0         33.704599      
83.065         1166.0         34.146742      
83.082         1084.0         32.924155      
83.099         1141.0         33.778692      
83.116         1091.0         33.030289      
83.133         1099.0         33.151169      
83.15          1121.0         33.481338      
83.167         1102.0         33.196385      
83.184         1115.0         33.391616      
83.201         1131.0         33.630343      
83.218         1081.0         32.878564      
83.235         1111.0         33.331667      
83.252         1111.0         33.331667      
83.269         1122.0         33.496268      
83.286         1145.0         33.837849      
83.303         1131.0         33.630343      
83.32          1086.0         32.954514      
83.337         1120.0         33.466401      
83.354         1103.0         33.211444      
83.371         1073.0         32.756679      
83.388         1163.0         34.102786      
83.405         1162.0         34.088121      
83.422         1112.0         33.346664      
83.439         1111.0         33.331667      
83.456         1122.0         33.496268      
83.473         1117.0         33.42155       
83.49          1104.0         33.226495      
83.507         1098.0         33.136083      
83.524         1123.0         33.511192      
83.541         1147.0         33.867388      
83.558         1135.0         33.689761      
83.575         1120.0         33.466401      
83.592         1084.0         32.924155      
83.609         1089.0         33.0           
83.626         1090.0         33.015148      
83.643         1053.0         32.449961      
83.66          1015.0         31.859065      
83.677         1067.0         32.664966      
83.694         1047.0         32.357379      
83.711         1096.0         33.105891      
83.728         1131.0         33.630343      
83.745         1109.0         33.301652      
83.762         1125.0         33.54102       
83.779         1081.0         32.878564      
83.796         1116.0         33.406586      
83.813         1118.0         33.436507      
83.83          1134.0         33.674916      
83.847         1042.0         32.280025      
83.864         1079.0         32.848135      
83.881         1068.0         32.680269      
83.898         1081.0         32.878564      
83.915         1096.0         33.105891      
83.932         1050.0         32.403703      
83.949         1113.0         33.361655      
83.966         1066.0         32.649655      
83.983         1018.0         31.906112      
84.0           1052.0         32.434549      
84.017         1058.0         32.526912      
84.034         1058.0         32.526912      
84.051         1085.0         32.939338      
84.068         1063.0         32.603681      
84.085         1048.0         32.372828      
84.102         1076.0         32.802439      
84.119         1072.0         32.741411      
84.136         1076.0         32.802439      
84.153         1061.0         32.572995      
84.17          1078.0         32.83291       
84.187         1077.0         32.817678      
84.204         1110.0         33.316662      
84.221         1097.0         33.12099       
84.238         1083.0         32.908965      
84.255         1099.0         33.151169      
84.272         1075.0         32.787193      
84.289         1095.0         33.090784      
84.306         1047.0         32.357379      
84.323         1057.0         32.511536      
84.34          1076.0         32.802439      
84.357         1042.0         32.280025      
84.374         1041.0         32.264532      
84.391         1035.0         32.171416      
84.408         1053.0         32.449961      
84.425         1088.0         32.984845      
84.442         1088.0         32.984845      
84.459         1083.0         32.908965      
84.476         1041.0         32.264532      
84.493         1027.0         32.046841      
84.51          1070.0         32.710854      
84.527         1076.0         32.802439      
84.544         1055.0         32.480764      
84.561         1085.0         32.939338      
84.578         1061.0         32.572995      
84.595         1046.0         32.341923      
84.612         1075.0         32.787193      
84.629         1027.0         32.046841      
84.646         1068.0         32.680269      
84.663         1065.0         32.634338      
84.68          1072.0         32.741411      
84.697         1136.0         33.704599      
84.714         1085.0         32.939338      
84.731         1039.0         32.233523      
84.748         1090.0         33.015148      
84.765         1056.0         32.496154      
84.782         1130.0         33.615473      
84.799         1099.0         33.151169      
84.816         1046.0         32.341923      
84.833         1094.0         33.075671      
84.85          1062.0         32.588341      
84.867         1029.0         32.07803       
84.884         1083.0         32.908965      
84.901         1078.0         32.83291       
84.918         1070.0         32.710854      
84.935         1075.0         32.787193      
84.952         1100.0         33.166248      
84.969         1086.0         32.954514      
84.986         1068.0         32.680269      
85.003         1048.0         32.372828      
85.02          1082.0         32.893768      
85.037         1099.0         33.151169      
85.054         1041.0         32.264532      
85.071         1054.0         32.465366      
85.088         1074.0         32.771939      
85.105         1037.0         32.202484      
85.122         1053.0         32.449961      
85.139         1057.0         32.511536      
85.156         1043.0         32.295511      
85.173         1057.0         32.511536      
85.19          1058.0         32.526912      
85.207         1074.0         32.771939      
85.224         1074.0         32.771939      
85.241         1052.0         32.434549      
85.258         1020.0         31.937439      
85.275         1038.0         32.218007      
85.292         1049.0         32.388269      
85.309         1071.0         32.726136      
85.326         1115.0         33.391616      
85.343         1111.0         33.331667      
85.36          1074.0         32.771939      
85.377         1065.0         32.634338      
85.394         1060.0         32.557641      
85.411         1087.0         32.969683      
85.428         1089.0         33.0           
85.445         1073.0         32.756679      
85.462         1093.0         33.060551      
85.479         1083.0         32.908965      
85.496         1075.0         32.787193      
85.513         1035.0         32.171416      
85.53          1025.0         32.015621      
85.547         1047.0         32.357379      
85.564         1052.0         32.434549      
85.581         1083.0         32.908965      
85.598         1056.0         32.496154      
85.615         1048.0         32.372828      
85.632         1027.0         32.046841      
85.649         1055.0         32.480764      
85.666         1092.0         33.045423      
85.683         1071.0         32.726136      
85.7           1078.0         32.83291       
85.717         1049.0         32.388269      
85.734         1099.0         33.151169      
85.751         1120.0         33.466401      
85.768         1079.0         32.848135      
85.785         1022.0         31.968735      
85.802         1078.0         32.83291       
85.819         1061.0         32.572995      
85.836         1068.0         32.680269      
85.853         1061.0         32.572995      
85.87          1038.0         32.218007      
85.887         1059.0         32.54228       
85.904         1034.0         32.15587       
85.921         1058.0         32.526912      
85.938         1093.0         33.060551      
85.955         1075.0         32.787193      
85.972         1044.0         32.310989      
85.989         1007.0         31.733263      
86.006         1102.0         33.196385      
86.023         1072.0         32.741411      
86.04          984.0          31.368774      
86.057         1032.0         32.124757      
86.074         1044.0         32.310989      
86.091         1069.0         32.695565      
86.108         1068.0         32.680269      
86.125         1067.0         32.664966      
86.142         1074.0         32.771939      
86.159         1067.0         32.664966      
86.176         1052.0         32.434549      
86.193         1106.0         33.256578      
86.21          1099.0         33.151169      
86.227         1057.0         32.511536      
86.244         1034.0         32.15587       
86.261         1063.0         32.603681      
86.278         1035.0         32.171416      
86.295         1029.0         32.07803       
86.312         1071.0         32.726136      
86.329         1096.0         33.105891      
86.346         1052.0         32.434549      
86.363         1060.0         32.557641      
86.38          1082.0         32.893768      
86.397         1080.0         32.863353      
86.414         1047.0         32.357379      
86.431         1040.0         32.249031      
86.448         1088.0         32.984845      
86.465         1057.0         32.511536      
86.482         1064.0         32.619013      
86.499         1068.0         32.680269      
86.516         1069.0         32.695565      
86.533         1081.0         32.878564      
86.55          1086.0         32.954514      
86.567         1043.0         32.295511      
86.584         1015.0         31.859065      
86.601         1072.0         32.741411      
86.618         1083.0         32.908965      
86.635         1057.0         32.511536      
86.652         1108.0         33.286634      
86.669         1077.0         32.817678      
86.686         1034.0         32.15587       
86.703         1069.0         32.695565      
86.72          1095.0         33.090784      
86.737         1099.0         33.151169      
86.754         1073.0         32.756679      
86.771         1042.0         32.280025      
86.788         1080.0         32.863353      
86.805         1044.0         32.310989      
86.822         1047.0         32.357379      
86.839         1031.0         32.109189      
86.856         1050.0         32.403703      
86.873         1098.0         33.136083      
86.89          1069.0         32.695565      
86.907         992.0          31.496031      
86.924         1003.0         31.670175      
86.941         1072.0         32.741411      
86.958         1053.0         32.449961      
86.975         1093.0         33.060551      
86.992         1055.0         32.480764      
87.009         1014.0         31.843367      
87.026         1055.0         32.480764      
87.043         1067.0         32.664966      
87.06          1088.0         32.984845      
87.077         1071.0         32.726136      
87.094         1081.0         32.878564      
87.111         1053.0         32.449961      
87.128         1043.0         32.295511      
87.145         1040.0         32.249031      
87.162         1064.0         32.619013      
87.179         1090.0         33.015148      
87.196         1120.0         33.466401      
87.213         1077.0         32.817678      
87.23          1081.0         32.878564      
87.247         1070.0         32.710854      
87.264         1081.0         32.878564      
87.281         1068.0         32.680269      
87.298         1093.0         33.060551      
87.315         1125.0         33.54102       
87.332         1070.0         32.710854      
87.349         1101.0         33.18132       
87.366         1097.0         33.12099       
87.383         1077.0         32.817678      
87.4           1077.0         32.817678      
87.417         1086.0         32.954514      
87.434         1064.0         32.619013      
87.451         1083.0         32.908965      
87.468         1121.0         33.481338      
87.485         1077.0         32.817678      
87.502         1115.0         33.391616      
87.519         1069.0         32.695565      
87.536         1034.0         32.15587       
87.553         1051.0         32.41913       
87.57          1079.0         32.848135      
87.587         1078.0         32.83291       
87.604         1119.0         33.451457      
87.621         1057.0         32.511536      
87.638         1073.0         32.756679      
87.655         1063.0         32.603681      
87.672         1084.0         32.924155      
87.689         1124.0         33.526109      
87.706         1065.0         32.634338      
87.723         1100.0         33.166248      
87.74          1130.0         33.615473      
87.757         1141.0         33.778692      
87.774         1131.0         33.630343      
87.791         1144.0         33.823069      
87.808         1163.0         34.102786      
87.825         1132.0         33.645208      
87.842         1159.0         34.044089      
87.859         1186.0         34.438351      
87.876         1169.0         34.190642      
87.893         1183.0         34.394767      
87.91          1162.0         34.088121      
87.927         1253.0         35.39774       
87.944         1265.0         35.566838      
87.961         1250.0         35.355339      
87.978         1265.0         35.566838      
87.995         1334.0         36.523965      
88.012         1354.0         36.796739      
88.029         1424.0         37.735925      
88.046         1428.0         37.788887      
88.063         1486.0         38.548671      
88.08          1591.0         39.887341      
88.097         1585.0         39.812058      
88.114         1597.0         39.962482      
88.131         1667.0         40.828911      
88.148         1642.0         40.521599      
88.165         1722.0         41.496988      
88.182         1684.0         41.036569      
88.199         1669.0         40.853396      
88.216         1712.0         41.376322      
88.233         1692.0         41.133928      
88.25          1643.0         40.533936      
88.267         1598.0         39.974992      
88.284         1557.0         39.458839      
88.301         1534.0         39.166312      
88.318         1537.0         39.204592      
88.335         1548.0         39.344631      
88.352         1522.0         39.012818      
88.369         1537.0         39.204592      
88.386         1559.0         39.484174      
88.403         1538.0         39.217343      
88.42          1478.0         38.444766      
88.437         1457.0         38.170669      
88.454         1406.0         37.496667      
88.471         1418.0         37.656341      
88.488         1357.0         36.837481      
88.505         1262.0         35.524639      
88.522         1254.0         35.411862      
88.539         1271.0         35.651087      
88.556         1269.0         35.623026      
88.573         1337.0         36.565011      
88.59          1245.0         35.284558      
88.607         1202.0         34.669872      
88.624         1238.0         35.185224      
88.641         1253.0         35.39774       
88.658         1227.0         35.02856       
88.675         1259.0         35.48239       
88.692         1191.0         34.510868      
88.709         1190.0         34.496377      
88.726         1167.0         34.161382      
88.743         1152.0         33.941125      
88.76          1247.0         35.312887      
88.777         1246.0         35.298725      
88.794         1206.0         34.727511      
88.811         1139.0         33.749074      
88.828         1190.0         34.496377      
88.845         1155.0         33.985291      
88.862         1186.0         34.438351      
88.879         1125.0         33.54102       
88.896         1156.0         34.0           
88.913         1181.0         34.365681      
88.93          1219.0         34.914181      
88.947         1148.0         33.882149      
88.964         1115.0         33.391616      
88.981         1164.0         34.117444      
88.998         1139.0         33.749074      
89.015         1111.0         33.331667      
89.032         1152.0         33.941125      
89.049         1145.0         33.837849      
89.066         1099.0         33.151169      
89.083         1141.0         33.778692      
89.1           1125.0         33.54102       
89.117         1144.0         33.823069      
89.134         1140.0         33.763886      
89.151         1125.0         33.54102       
89.168         1133.0         33.660065      
89.185         1097.0         33.12099       
89.202         1064.0         32.619013      
89.219         1071.0         32.726136      
89.236         1106.0         33.256578      
89.253         1113.0         33.361655      
89.27          1092.0         33.045423      
89.287         1066.0         32.649655      
89.304         1044.0         32.310989      
89.321         1077.0         32.817678      
89.338         1089.0         33.0           
89.355         1098.0         33.136083      
89.372         1073.0         32.756679      
89.389         1085.0         32.939338      
89.406         1080.0         32.863353      
89.423         1043.0         32.295511      
89.44          1038.0         32.218007      
89.457         1014.0         31.843367      
89.474         1031.0         32.109189      
89.491         1076.0         32.802439      
89.508         1045.0         32.32646       
89.525         1067.0         32.664966      
89.542         1092.0         33.045423      
89.559         1107.0         33.27161       
89.576         1075.0         32.787193      
89.593         1035.0         32.171416      
89.61          1043.0         32.295511      
89.627         1046.0         32.341923      
89.644         1085.0         32.939338      
89.661         1029.0         32.07803       
89.678         1041.0         32.264532      
89.695         1066.0         32.649655      
89.712         1125.0         33.54102       
89.729         1055.0         32.480764      
89.746         1073.0         32.756679      
89.763         1117.0         33.42155       
89.78          1077.0         32.817678      
89.797         1104.0         33.226495      
89.814         1051.0         32.41913       
89.831         1023.0         31.984371      
89.848         1105.0         33.24154       
89.865         1087.0         32.969683      
89.882         1093.0         33.060551      
89.899         1050.0         32.403703      
89.916         1044.0         32.310989      
89.933         1038.0         32.218007      
89.95          1036.0         32.186954      
89.967         1055.0         32.480764      
89.984         1075.0         32.787193      
90.001         1077.0         32.817678      
90.018         1019.0         31.921779      
90.035         1022.0         31.968735      
90.052         1049.0         32.388269      
90.069         1092.0         33.045423      
90.086         1076.0         32.802439      
90.103         1061.0         32.572995      
90.12          1089.0         33.0           
90.137         1061.0         32.572995      
90.154         1056.0         32.496154      
90.171         1082.0         32.893768      
90.188         1059.0         32.54228       
90.205         1008.0         31.749016      
90.222         1032.0         32.124757      
90.239         1025.0         32.015621      
90.256         1027.0         32.046841      
90.273         1065.0         32.634338      
90.29          1056.0         32.496154      
90.307         1075.0         32.787193      
90.324         1094.0         33.075671      
90.341         1111.0         33.331667      
90.358         1090.0         33.015148      
90.375         1060.0         32.557641      
90.392         1063.0         32.603681      
90.409         1072.0         32.741411      
90.426         1088.0         32.984845      
90.443         1087.0         32.969683      
90.46          1066.0         32.649655      
90.477         1081.0         32.878564      
90.494         1101.0         33.18132       
90.511         1073.0         32.756679      
90.528         1116.0         33.406586      
90.545         1089.0         33.0           
90.562         1034.0         32.15587       
90.579         1041.0         32.264532      
90.596         1033.0         32.140317      
90.613         1031.0         32.109189      
90.63          1015.0         31.859065      
90.647         1049.0         32.388269      
90.664         1048.0         32.372828      
90.681         1038.0         32.218007      
90.698         1041.0         32.264532      
90.715         1048.0         32.372828      
90.732         1025.0         32.015621      
90.749         1117.0         33.42155       
90.766         1037.0         32.202484      
90.783         1113.0         33.361655      
90.8           1068.0         32.680269      
90.817         1050.0         32.403703      
90.834         1029.0         32.07803       
90.851         1041.0         32.264532      
90.868         1115.0         33.391616      
90.885         1036.0         32.186954      
90.902         1041.0         32.264532      
90.919         1074.0         32.771939      
90.936         1038.0         32.218007      
90.953         1075.0         32.787193      
90.97          1087.0         32.969683      
90.987         1107.0         33.27161       
91.004         1100.0         33.166248      
91.021         1023.0         31.984371      
91.038         1062.0         32.588341      
91.055         1060.0         32.557641      
91.072         1088.0         32.984845      
91.089         1065.0         32.634338      
91.106         1098.0         33.136083      
91.123         1095.0         33.090784      
91.14          1061.0         32.572995      
91.157         1047.0         32.357379      
91.174         1076.0         32.802439      
91.191         1100.0         33.166248      
91.208         1117.0         33.42155       
91.225         1090.0         33.015148      
91.242         1100.0         33.166248      
91.259         1086.0         32.954514      
91.276         1067.0         32.664966      
91.293         1078.0         32.83291       
91.31          1073.0         32.756679      
91.327         1087.0         32.969683      
91.344         1084.0         32.924155      
91.361         1120.0         33.466401      
91.378         1153.0         33.955854      
91.395         1072.0         32.741411      
91.412         1044.0         32.310989      
91.429         1094.0         33.075671      
91.446         1128.0         33.585711      
91.463         1067.0         32.664966      
91.48          1069.0         32.695565      
91.497         1106.0         33.256578      
91.514         1087.0         32.969683      
91.531         1128.0         33.585711      
91.548         1049.0         32.388269      
91.565         1083.0         32.908965      
91.582         1035.0         32.171416      
91.599         1113.0         33.361655      
91.616         1092.0         33.045423      
91.633         1051.0         32.41913       
91.65          1038.0         32.218007      
91.667         1081.0         32.878564      
91.684         1043.0         32.295511      
91.701         1069.0         32.695565      
91.718         1097.0         33.12099       
91.735         1086.0         32.954514      
91.752         1077.0         32.817678      
91.769         1086.0         32.954514      
91.786         1020.0         31.937439      
91.803         1073.0         32.756679      
91.82          1042.0         32.280025      
91.837         1098.0         33.136083      
91.854         1083.0         32.908965      
91.871         1054.0         32.465366      
91.888         1067.0         32.664966      
91.905         1072.0         32.741411      
91.922         1154.0         33.970576      
91.939         1069.0         32.695565      
91.956         1054.0         32.465366      
91.973         1071.0         32.726136      
91.99          1102.0         33.196385      
92.007         1073.0         32.756679      
92.024         1077.0         32.817678      
92.041         1069.0         32.695565      
92.058         1044.0         32.310989      
92.075         1057.0         32.511536      
92.092         1036.0         32.186954      
92.109         1055.0         32.480764      
92.126         1081.0         32.878564      
92.143         1112.0         33.346664      
92.16          1098.0         33.136083      
92.177         1066.0         32.649655      
92.194         1106.0         33.256578      
92.211         1111.0         33.331667      
92.228         1094.0         33.075671      
92.245         1125.0         33.54102       
92.262         1115.0         33.391616      
92.279         1102.0         33.196385      
92.296         1114.0         33.376639      
92.313         1091.0         33.030289      
92.33          1096.0         33.105891      
92.347         1081.0         32.878564      
92.364         1054.0         32.465366      
92.381         1060.0         32.557641      
92.398         1102.0         33.196385      
92.415         1091.0         33.030289      
92.432         1083.0         32.908965      
92.449         1080.0         32.863353      
92.466         1103.0         33.211444      
92.483         1112.0         33.346664      
92.5           1129.0         33.600595      
92.517         1123.0         33.511192      
92.534         1115.0         33.391616      
92.551         1106.0         33.256578      
92.568         1156.0         34.0           
92.585         1105.0         33.24154       
92.602         1165.0         34.132096      
92.619         1157.0         34.014703      
92.636         1126.0         33.555923      
92.653         1105.0         33.24154       
92.67          1146.0         33.852622      
92.687         1176.0         34.292856      
92.704         1190.0         34.496377      
92.721         1159.0         34.044089      
92.738         1160.0         34.058773      
92.755         1209.0         34.770677      
92.772         1181.0         34.365681      
92.789         1255.0         35.425979      
92.806         1287.0         35.874782      
92.823         1279.0         35.763109      
92.84          1267.0         35.594943      
92.857         1306.0         36.138622      
92.874         1338.0         36.578682      
92.891         1379.0         37.134889      
92.908         1415.0         37.616486      
92.925         1407.0         37.509999      
92.942         1485.0         38.535698      
92.959         1451.0         38.091994      
92.976         1473.0         38.379682      
92.993         1559.0         39.484174      
93.01          1580.0         39.749214      
93.027         1566.0         39.572718      
93.044         1509.0         38.845849      
93.061         1524.0         39.038443      
93.078         1566.0         39.572718      
93.095         1634.0         40.422766      
93.112         1580.0         39.749214      
93.129         1603.0         40.037482      
93.146         1660.0         40.743098      
93.163         1698.0         41.206796      
93.18          1701.0         41.243181      
93.197         1705.0         41.291646      
93.214         1730.0         41.593269      
93.231         1753.0         41.868843      
93.248         1785.0         42.24926       
93.265         1815.0         42.602817      
93.282         1763.0         41.988094      
93.299         1679.0         40.975602      
93.316         1666.0         40.816663      
93.333         1682.0         41.012193      
93.35          1621.0         40.261644      
93.367         1577.0         39.711459      
93.384         1562.0         39.522146      
93.401         1556.0         39.446166      
93.418         1545.0         39.306488      
93.435         1506.0         38.807216      
93.452         1433.0         37.854986      
93.469         1442.0         37.973675      
93.486         1455.0         38.144462      
93.503         1418.0         37.656341      
93.52          1426.0         37.762415      
93.537         1427.0         37.775654      
93.554         1380.0         37.148351      
93.571         1312.0         36.221541      
93.588         1334.0         36.523965      
93.605         1305.0         36.124784      
93.622         1296.0         36.0           
93.639         1291.0         35.930488      
93.656         1223.0         34.971417      
93.673         1223.0         34.971417      
93.69          1193.0         34.539832      
93.707         1213.0         34.82815       
93.724         1138.0         33.734256      
93.741         1137.0         33.719431      
93.758         1197.0         34.597688      
93.775         1181.0         34.365681      
93.792         1103.0         33.211444      
93.809         1118.0         33.436507      
93.826         1142.0         33.79349       
93.843         1187.0         34.452866      
93.86          1107.0         33.27161       
93.877         1125.0         33.54102       
93.894         1057.0         32.511536      
93.911         1070.0         32.710854      
93.928         1096.0         33.105891      
93.945         1112.0         33.346664      
93.962         1072.0         32.741411      
93.979         1087.0         32.969683      
93.996         1152.0         33.941125      
94.013         1139.0         33.749074      
94.03          1109.0         33.301652      
94.047         1171.0         34.219877      
94.064         1151.0         33.926391      
94.081         1140.0         33.763886      
94.098         1148.0         33.882149      
94.115         1104.0         33.226495      
94.132         1110.0         33.316662      
94.149         1120.0         33.466401      
94.166         1125.0         33.54102       
94.183         1108.0         33.286634      
94.2           1132.0         33.645208      
94.217         1173.0         34.249088      
94.234         1145.0         33.837849      
94.251         1159.0         34.044089      
94.268         1167.0         34.161382      
94.285         1190.0         34.496377      
94.302         1186.0         34.438351      
94.319         1185.0         34.423829      
94.336         1190.0         34.496377      
94.353         1162.0         34.088121      
94.37          1217.0         34.885527      
94.387         1232.0         35.099858      
94.404         1228.0         35.042831      
94.421         1226.0         35.014283      
94.438         1212.0         34.81379       
94.455         1216.0         34.871192      
94.472         1240.0         35.213634      
94.489         1193.0         34.539832      
94.506         1243.0         35.256205      
94.523         1191.0         34.510868      
94.54          1189.0         34.481879      
94.557         1206.0         34.727511      
94.574         1167.0         34.161382      
94.591         1228.0         35.042831      
94.608         1160.0         34.058773      
94.625         1190.0         34.496377      
94.642         1178.0         34.322005      
94.659         1177.0         34.307434      
94.676         1157.0         34.014703      
94.693         1125.0         33.54102       
94.71          1158.0         34.029399      
94.727         1178.0         34.322005      
94.744         1175.0         34.278273      
94.761         1173.0         34.249088      
94.778         1170.0         34.205263      
94.795         1194.0         34.554305      
94.812         1136.0         33.704599      
94.829         1134.0         33.674916      
94.846         1137.0         33.719431      
94.863         1129.0         33.600595      
94.88          1140.0         33.763886      
94.897         1111.0         33.331667      
94.914         1068.0         32.680269      
94.931         1108.0         33.286634      
94.948         1071.0         32.726136      
94.965         1117.0         33.42155       
94.982         1097.0         33.12099       
94.999         1078.0         32.83291       
95.016         1083.0         32.908965      
95.033         1123.0         33.511192      
95.05          1062.0         32.588341      
95.067         1055.0         32.480764      
95.084         1073.0         32.756679      
95.101         1085.0         32.939338      
95.118         1052.0         32.434549      
95.135         1043.0         32.295511      
95.152         1096.0         33.105891      
95.169         1122.0         33.496268      
95.186         1050.0         32.403703      
95.203         1062.0         32.588341      
95.22          1063.0         32.603681      
95.237         1044.0         32.310989      
95.254         1063.0         32.603681      
95.271         1051.0         32.41913       
95.288         1084.0         32.924155      
95.305         1098.0         33.136083      
95.322         1066.0         32.649655      
95.339         1042.0         32.280025      
95.356         1065.0         32.634338      
95.373         1073.0         32.756679      
95.39          1050.0         32.403703      
95.407         1093.0         33.060551      
95.424         1084.0         32.924155      
95.441         1059.0         32.54228       
95.458         1044.0         32.310989      
95.475         1060.0         32.557641      
95.492         1040.0         32.249031      
95.509         1084.0         32.924155      
95.526         1087.0         32.969683      
95.543         1065.0         32.634338      
95.56          1033.0         32.140317      
95.577         992.0          31.496031      
95.594         1039.0         32.233523      
95.611         1027.0         32.046841      
95.628         1087.0         32.969683      
95.645         1025.0         32.015621      
95.662         1094.0         33.075671      
95.679         1086.0         32.954514      
95.696         1061.0         32.572995      
95.713         1111.0         33.331667      
95.73          1113.0         33.361655      
95.747         1103.0         33.211444      
95.764         1046.0         32.341923      
95.781         1078.0         32.83291       
95.798         1094.0         33.075671      
95.815         1019.0         31.921779      
95.832         1068.0         32.680269      
95.849         1077.0         32.817678      
95.866         1080.0         32.863353      
95.883         1043.0         32.295511      
95.9           1028.0         32.062439      
95.917         1014.0         31.843367      
95.934         1050.0         32.403703      
95.951         1065.0         32.634338      
95.968         1106.0         33.256578      
95.985         1046.0         32.341923      
96.002         1051.0         32.41913       
96.019         1051.0         32.41913       
96.036         1042.0         32.280025      
96.053         1057.0         32.511536      
96.07          1045.0         32.32646       
96.087         1044.0         32.310989      
96.104         1065.0         32.634338      
96.121         1092.0         33.045423      
96.138         1074.0         32.771939      
96.155         1063.0         32.603681      
96.172         1062.0         32.588341      
96.189         1067.0         32.664966      
96.206         1050.0         32.403703      
96.223         1036.0         32.186954      
96.24          1069.0         32.695565      
96.257         1057.0         32.511536      
96.274         1020.0         31.937439      
96.291         1065.0         32.634338      
96.308         1070.0         32.710854      
96.325         1046.0         32.341923      
96.342         1033.0         32.140317      
96.359         1076.0         32.802439      
96.376         1097.0         33.12099       
96.393         1076.0         32.802439      
96.41          1082.0         32.893768      
96.427         1077.0         32.817678      
96.444         1045.0         32.32646       
96.461         1073.0         32.756679      
96.478         1042.0         32.280025      
96.495         1017.0         31.890437      
96.512         1021.0         31.953091      
96.529         1092.0         33.045423      
96.546         1023.0         31.984371      
96.563         1104.0         33.226495      
96.58          1063.0         32.603681      
96.597         1064.0         32.619013      
96.614         996.0          31.559468      
96.631         1072.0         32.741411      
96.648         1016.0         31.874755      
96.665         1060.0         32.557641      
96.682         1145.0         33.837849      
96.699         1033.0         32.140317      
96.716         1006.0         31.717503      
96.733         1106.0         33.256578      
96.75          1079.0         32.848135      
96.767         1123.0         33.511192      
96.784         1112.0         33.346664      
96.801         1059.0         32.54228       
96.818         1072.0         32.741411      
96.835         1051.0         32.41913       
96.852         1055.0         32.480764      
96.869         1048.0         32.372828      
96.886         1058.0         32.526912      
96.903         1066.0         32.649655      
96.92          1092.0         33.045423      
96.937         1091.0         33.030289      
96.954         1106.0         33.256578      
96.971         1072.0         32.741411      
96.988         1063.0         32.603681      
97.005         1097.0         33.12099       
97.022         1150.0         33.91165       
97.039         1100.0         33.166248      
97.056         1019.0         31.921779      
97.073         1063.0         32.603681      
97.09          1110.0         33.316662      
97.107         1082.0         32.893768      
97.124         1108.0         33.286634      
97.141         1112.0         33.346664      
97.158         1082.0         32.893768      
97.175         1096.0         33.105891      
97.192         1114.0         33.376639      
97.209         1064.0         32.619013      
97.226         1061.0         32.572995      
97.243         1097.0         33.12099       
97.26          1075.0         32.787193      
97.277         1110.0         33.316662      
97.294         1111.0         33.331667      
97.311         1100.0         33.166248      
97.328         1093.0         33.060551      
97.345         1078.0         32.83291       
97.362         1097.0         33.12099       
97.379         1094.0         33.075671      
97.396         1120.0         33.466401      
97.413         1057.0         32.511536      
97.43          1093.0         33.060551      
97.447         1136.0         33.704599      
97.464         1125.0         33.54102       
97.481         1067.0         32.664966      
97.498         1071.0         32.726136      
97.515         1070.0         32.710854      
97.532         1114.0         33.376639      
97.549         1072.0         32.741411      
97.566         1067.0         32.664966      
97.583         1109.0         33.301652      
97.6           1101.0         33.18132       
97.617         1061.0         32.572995      
97.634         1051.0         32.41913       
97.651         1040.0         32.249031      
97.668         1030.0         32.093613      
97.685         1060.0         32.557641      
97.702         1099.0         33.151169      
97.719         1088.0         32.984845      
97.736         1059.0         32.54228       
97.753         1075.0         32.787193      
97.77          1071.0         32.726136      
97.787         1092.0         33.045423      
97.804         1086.0         32.954514      
97.821         1056.0         32.496154      
97.838         1069.0         32.695565      
97.855         1082.0         32.893768      
97.872         1074.0         32.771939      
97.889         1086.0         32.954514      
97.906         1126.0         33.555923      
97.923         1088.0         32.984845      
97.94          1059.0         32.54228       
97.957         1045.0         32.32646       
97.974         1052.0         32.434549      
97.991         1056.0         32.496154      
98.008         1052.0         32.434549      
98.025         1092.0         33.045423      
98.042         1094.0         33.075671      
98.059         1057.0         32.511536      
98.076         1067.0         32.664966      
98.093         1037.0         32.202484      
98.11          1038.0         32.218007      
98.127         1042.0         32.280025      
98.144         1059.0         32.54228       
98.161         1117.0         33.42155       
98.178         1129.0         33.600595      
98.195         1092.0         33.045423      
98.212         1033.0         32.140317      
98.229         1026.0         32.031235      
98.246         1025.0         32.015621      
98.263         1064.0         32.619013      
98.28          1119.0         33.451457      
98.297         1076.0         32.802439      
98.314         1073.0         32.756679      
98.331         1118.0         33.436507      
98.348         1061.0         32.572995      
98.365         1061.0         32.572995      
98.382         1048.0         32.372828      
98.399         1071.0         32.726136      
98.416         1054.0         32.465366      
98.433         1067.0         32.664966      
98.45          1058.0         32.526912      
98.467         1057.0         32.511536      
98.484         1036.0         32.186954      
98.501         1047.0         32.357379      
98.518         1040.0         32.249031      
98.535         1064.0         32.619013      
98.552         1061.0         32.572995      
98.569         1062.0         32.588341      
98.586         1068.0         32.680269      
98.603         1068.0         32.680269      
98.62          1075.0         32.787193      
98.637         1084.0         32.924155      
98.654         1081.0         32.878564      
98.671         1129.0         33.600595      
98.688         1100.0         33.166248      
98.705         1020.0         31.937439      
98.722         1121.0         33.481338      
98.739         1136.0         33.704599      
98.756         1072.0         32.741411      
98.773         1065.0         32.634338      
98.79          1072.0         32.741411      
98.807         1070.0         32.710854      
98.824         1088.0         32.984845      
98.841         1098.0         33.136083      
98.858         1074.0         32.771939      
98.875         1079.0         32.848135      
98.892         1108.0         33.286634      
98.909         1111.0         33.331667      
98.926         1097.0         33.12099       
98.943         1130.0         33.615473      
98.96          1120.0         33.466401      
98.977         1108.0         33.286634      
98.994         1160.0         34.058773      
99.011         1167.0         34.161382      
99.028         1142.0         33.79349       
99.045         1092.0         33.045423      
99.062         1085.0         32.939338      
99.079         1140.0         33.763886      
99.096         1157.0         34.014703      
99.113         1123.0         33.511192      
99.13          1089.0         33.0           
99.147         1102.0         33.196385      
99.164         1099.0         33.151169      
99.181         1086.0         32.954514      
99.198         1078.0         32.83291       
99.215         1087.0         32.969683      
99.232         1088.0         32.984845      
99.249         1102.0         33.196385      
99.266         1098.0         33.136083      
99.283         1067.0         32.664966      
99.3           1117.0         33.42155       
99.317         1102.0         33.196385      
99.334         1092.0         33.045423      
99.351         1096.0         33.105891      
99.368         1131.0         33.630343      
99.385         1106.0         33.256578      
99.402         1058.0         32.526912      
99.419         1100.0         33.166248      
99.436         1100.0         33.166248      
99.453         1077.0         32.817678      
99.47          1044.0         32.310989      
99.487         1094.0         33.075671      
99.504         1086.0         32.954514      
99.521         1060.0         32.557641      
99.538         1062.0         32.588341      
99.555         1041.0         32.264532      
99.572         1058.0         32.526912      
99.589         1010.0         31.780497      
99.606         1035.0         32.171416      
99.623         1099.0         33.151169      
99.64          1019.0         31.921779      
99.657         1075.0         32.787193      
99.674         1116.0         33.406586      
99.691         1095.0         33.090784      
99.708         1071.0         32.726136      
99.725         1104.0         33.226495      
99.742         1151.0         33.926391      
99.759         1088.0         32.984845      
99.776         1139.0         33.749074      
99.793         1091.0         33.030289      
99.81          1085.0         32.939338      
99.827         1057.0         32.511536      
99.844         1087.0         32.969683      
99.861         1092.0         33.045423      
99.878         1137.0         33.719431      
99.895         1119.0         33.451457      
99.912         1080.0         32.863353      
99.929         1123.0         33.511192      
99.946         1189.0         34.481879      
99.963         1193.0         34.539832      
